,0,1,2,3,4
0,0.0,0.0,499.6875,2.7802343368530273,0.09375
1,0.0,1.0,499.6875,2.7367892265319824,0.15625
2,0.0,2.0,499.6875,2.3527207374572754,0.6875
3,0.0,3.0,499.6875,2.09100341796875,0.71875
4,0.0,4.0,499.6875,1.9896265268325806,0.625
5,0.0,5.0,499.6875,1.7526438236236572,0.71875
6,0.0,6.0,499.6875,1.377570629119873,0.78125
7,0.0,7.0,499.6875,1.4672539234161377,0.75
8,0.0,8.0,499.6875,1.1348990201950073,0.84375
9,0.0,9.0,499.6875,1.1629877090454102,0.78125
10,0.0,10.0,499.6875,0.8485411405563354,0.84375
11,0.0,11.0,499.6875,1.0024244785308838,0.78125
12,0.0,12.0,499.6875,1.1264865398406982,0.8125
13,0.0,13.0,499.6875,0.8003697991371155,0.875
14,0.0,14.0,499.6875,0.8335310220718384,0.78125
15,0.0,15.0,499.6875,0.7049100995063782,0.84375
16,0.0,16.0,499.6875,1.1418612003326416,0.6875
17,0.0,17.0,499.6875,0.7455248832702637,0.8125
18,0.0,18.0,499.6875,0.6707826852798462,0.875
19,0.0,19.0,499.6875,0.6772397756576538,0.875
20,0.0,20.0,499.6875,1.2804582118988037,0.65625
21,0.0,21.0,499.6875,0.34276890754699707,0.9375
22,0.0,22.0,499.6875,0.548574686050415,0.875
23,0.0,23.0,499.6875,0.5433796644210815,0.90625
24,0.0,24.0,499.6875,0.4845137596130371,0.90625
25,0.0,25.0,499.6875,1.0386567115783691,0.65625
26,0.0,26.0,499.6875,0.8051506280899048,0.78125
27,0.0,27.0,499.6875,0.7090488076210022,0.78125
28,0.0,28.0,499.6875,0.8213924169540405,0.78125
29,0.0,29.0,499.6875,0.7884079217910767,0.78125
30,0.0,30.0,499.6875,0.3527582883834839,0.9375
31,0.0,31.0,499.6875,0.7000038623809814,0.8125
32,0.0,32.0,499.6875,0.559394121170044,0.875
33,0.0,33.0,499.6875,0.6380631327629089,0.84375
34,0.0,34.0,499.6875,0.6733426451683044,0.78125
35,0.0,35.0,499.6875,0.647499680519104,0.875
36,0.0,36.0,499.6875,1.0236902236938477,0.71875
37,0.0,37.0,499.6875,0.4630812704563141,0.875
38,0.0,38.0,499.6875,0.44434183835983276,0.875
39,0.0,39.0,499.6875,0.7284266948699951,0.8125
40,0.0,40.0,499.6875,0.4037631154060364,0.84375
41,0.0,41.0,499.6875,0.5477244257926941,0.8125
42,0.0,42.0,499.6875,0.5324603915214539,0.84375
43,0.0,43.0,499.6875,0.8303359746932983,0.71875
44,0.0,44.0,499.6875,0.21349874138832092,0.96875
45,0.0,45.0,499.6875,0.5751460790634155,0.90625
46,0.0,46.0,499.6875,0.6493497490882874,0.75
47,0.0,47.0,499.6875,1.0281651020050049,0.71875
48,0.0,48.0,499.6875,0.6864175796508789,0.8125
49,0.0,49.0,499.6875,0.510846734046936,0.875
50,0.0,50.0,499.6875,0.8062418699264526,0.84375
51,0.0,51.0,499.6875,0.8671438694000244,0.78125
52,0.0,52.0,499.6875,0.325743168592453,0.875
53,0.0,53.0,499.6875,0.2277354896068573,0.9375
54,0.0,54.0,499.6875,0.33813637495040894,0.875
55,0.0,55.0,499.6875,0.488933265209198,0.78125
56,0.0,56.0,499.6875,0.7419347763061523,0.8125
57,0.0,57.0,499.6875,0.628555178642273,0.84375
58,0.0,58.0,499.6875,0.7152340412139893,0.84375
59,0.0,59.0,499.6875,0.6305152177810669,0.78125
60,0.0,60.0,499.6875,0.8897547721862793,0.6875
61,0.0,61.0,499.6875,0.2958807945251465,0.9375
62,0.0,62.0,499.6875,0.5976083278656006,0.8125
63,0.0,63.0,499.6875,0.636184573173523,0.8125
64,0.0,64.0,499.6875,0.4785274565219879,0.8125
65,0.0,65.0,499.6875,0.37775999307632446,0.84375
66,0.0,66.0,499.6875,0.6032189726829529,0.78125
67,0.0,67.0,499.6875,0.3113918900489807,0.90625
68,0.0,68.0,499.6875,0.6601726412773132,0.75
69,0.0,69.0,499.6875,0.45047253370285034,0.875
70,0.0,70.0,499.6875,0.4760293960571289,0.8125
71,0.0,71.0,499.6875,0.26049894094467163,0.9375
72,0.0,72.0,499.6875,0.6850588321685791,0.8125
73,0.0,73.0,499.6875,0.8543882966041565,0.78125
74,0.0,74.0,499.6875,0.2779296040534973,0.875
75,0.0,75.0,499.6875,0.35818469524383545,0.875
76,0.0,76.0,499.6875,0.2815547585487366,0.9375
77,0.0,77.0,499.6875,0.5596399307250977,0.875
78,0.0,78.0,499.6875,0.4549728035926819,0.875
79,0.0,79.0,499.6875,0.3767661452293396,0.90625
80,0.0,80.0,499.6875,0.669257402420044,0.78125
81,0.0,81.0,499.6875,0.5973948240280151,0.90625
82,0.0,82.0,499.6875,0.34679296612739563,0.875
83,0.0,83.0,499.6875,0.3681343197822571,0.90625
84,0.0,84.0,499.6875,0.40987876057624817,0.875
85,0.0,85.0,499.6875,0.2975476384162903,0.90625
86,0.0,86.0,499.6875,0.32884085178375244,0.90625
87,0.0,87.0,499.6875,0.630156934261322,0.8125
88,0.0,88.0,499.6875,0.38355982303619385,0.90625
89,0.0,89.0,499.6875,0.5692192316055298,0.84375
90,0.0,90.0,499.6875,0.5120598077774048,0.8125
91,0.0,91.0,499.6875,0.31579309701919556,0.90625
92,0.0,92.0,499.6875,0.4963511526584625,0.84375
93,0.0,93.0,499.6875,0.5724669694900513,0.78125
94,0.0,94.0,499.6875,0.8286172151565552,0.78125
95,0.0,95.0,499.6875,0.35144439339637756,0.90625
96,0.0,96.0,499.6875,0.8265718221664429,0.78125
97,0.0,97.0,499.6875,0.6374103426933289,0.875
98,0.0,98.0,499.6875,0.3274580240249634,0.9375
99,0.0,99.0,499.6875,0.5136798024177551,0.875
100,0.0,100.0,499.6875,0.20848390460014343,0.96875
101,0.0,101.0,499.6875,0.42081841826438904,0.875
102,0.0,102.0,499.6875,0.25817060470581055,0.9375
103,0.0,103.0,499.6875,0.19007444381713867,0.9375
104,0.0,104.0,499.6875,0.2857639193534851,0.90625
105,0.0,105.0,499.6875,0.295288622379303,0.96875
106,0.0,106.0,499.6875,0.3116813600063324,0.9375
107,0.0,107.0,499.6875,0.5395116806030273,0.875
108,0.0,108.0,499.6875,0.356559693813324,0.90625
109,0.0,109.0,499.6875,0.49784964323043823,0.875
110,0.0,110.0,499.6875,0.29131394624710083,0.96875
111,0.0,111.0,499.6875,0.09886898845434189,0.96875
112,0.0,112.0,499.6875,0.2419423609972,0.90625
113,0.0,113.0,499.6875,0.5505373477935791,0.8125
114,0.0,114.0,499.6875,0.2741320729255676,0.90625
115,0.0,115.0,499.6875,0.6938847303390503,0.8125
116,0.0,116.0,499.6875,0.16566577553749084,0.96875
117,0.0,117.0,499.6875,0.2843590974807739,0.9375
118,0.0,118.0,499.6875,0.18784944713115692,0.96875
119,0.0,119.0,499.6875,0.5338842272758484,0.84375
120,0.0,120.0,499.6875,0.1668427288532257,0.9375
121,0.0,121.0,499.6875,0.30729830265045166,0.9375
122,0.0,122.0,499.6875,0.3590586185455322,0.84375
123,0.0,123.0,499.6875,0.7134918570518494,0.84375
124,0.0,124.0,499.6875,0.16538499295711517,0.9375
125,0.0,125.0,499.6875,0.4155017137527466,0.9375
126,0.0,126.0,499.6875,0.609536349773407,0.90625
127,0.0,127.0,499.6875,0.24479557573795319,0.90625
128,0.0,128.0,499.6875,0.18092329800128937,0.9375
129,0.0,129.0,499.6875,0.392717182636261,0.90625
130,0.0,130.0,499.6875,0.7034628391265869,0.78125
131,0.0,131.0,499.6875,0.19782483577728271,0.9375
132,0.0,132.0,499.6875,0.29400524497032166,0.875
133,0.0,133.0,499.6875,0.29986026883125305,0.90625
134,0.0,134.0,499.6875,0.47800132632255554,0.84375
135,0.0,135.0,499.6875,0.25284451246261597,0.875
136,0.0,136.0,499.6875,0.8711609840393066,0.71875
137,0.0,137.0,499.6875,0.277374267578125,0.90625
138,0.0,138.0,499.6875,0.3984715938568115,0.90625
139,0.0,139.0,499.6875,0.0841776505112648,1.0
140,0.0,140.0,499.6875,0.29605862498283386,0.9375
141,0.0,141.0,499.6875,0.10576019436120987,1.0
142,0.0,142.0,499.6875,0.33074867725372314,0.9375
143,0.0,143.0,499.6875,0.5507533550262451,0.78125
144,0.0,144.0,499.6875,0.20985229313373566,0.90625
145,0.0,145.0,499.6875,0.4790500998497009,0.84375
146,0.0,146.0,499.6875,0.1627335101366043,1.0
147,0.0,147.0,499.6875,0.42771652340888977,0.8125
148,0.0,148.0,499.6875,0.33055734634399414,0.90625
149,0.0,149.0,499.6875,0.3185723125934601,0.90625
150,0.0,150.0,499.6875,0.5900207757949829,0.84375
151,0.0,151.0,499.6875,0.410489559173584,0.875
152,0.0,152.0,499.6875,0.35867083072662354,0.90625
153,0.0,153.0,499.6875,0.3510516285896301,0.875
154,0.0,154.0,499.6875,0.23487935960292816,0.9375
155,0.0,155.0,499.6875,0.5571191310882568,0.78125
156,0.0,156.0,499.6875,0.31669244170188904,0.90625
157,0.0,157.0,499.6875,0.34155476093292236,0.90625
158,0.0,158.0,499.6875,0.29452380537986755,0.96875
159,0.0,159.0,499.6875,0.6518694758415222,0.84375
160,0.0,160.0,499.6875,0.4742772579193115,0.8125
161,0.0,161.0,499.6875,0.380689799785614,0.9375
162,0.0,162.0,499.6875,0.3341789245605469,0.90625
163,0.0,163.0,499.6875,0.33094531297683716,0.90625
164,0.0,164.0,499.6875,0.1126503050327301,0.96875
165,0.0,165.0,499.6875,0.3013908863067627,0.90625
166,0.0,166.0,499.6875,0.2785917818546295,0.84375
167,0.0,167.0,499.6875,0.24874529242515564,0.96875
168,0.0,168.0,499.6875,0.1938246786594391,0.9375
169,0.0,169.0,499.6875,0.08870367705821991,1.0
170,0.0,170.0,499.6875,0.1709352731704712,0.9375
171,0.0,171.0,499.6875,0.2031853199005127,0.90625
172,0.0,172.0,499.6875,0.28579777479171753,0.875
173,0.0,173.0,499.6875,0.5201351642608643,0.875
174,0.0,174.0,499.6875,0.3093000054359436,0.875
175,0.0,175.0,499.6875,0.18235979974269867,0.9375
176,0.0,176.0,499.6875,0.1559283435344696,0.9375
177,0.0,177.0,499.6875,0.2638600468635559,0.875
178,0.0,178.0,499.6875,0.1458904892206192,0.96875
179,0.0,179.0,499.6875,0.24563929438591003,0.90625
180,0.0,180.0,499.6875,0.17545045912265778,0.9375
181,0.0,181.0,499.6875,0.410641074180603,0.8125
182,0.0,182.0,499.6875,0.36214733123779297,0.875
183,0.0,183.0,499.6875,0.2310366928577423,0.96875
184,0.0,184.0,499.6875,0.172596737742424,0.96875
185,0.0,185.0,499.6875,0.30306392908096313,0.90625
186,0.0,186.0,499.6875,0.27981090545654297,0.9375
187,0.0,187.0,499.6875,0.332066148519516,0.9375
188,0.0,188.0,499.6875,0.16153322160243988,0.9375
189,0.0,189.0,499.6875,0.32331496477127075,0.9375
190,0.0,190.0,499.6875,0.2631206512451172,0.9375
191,0.0,191.0,499.6875,0.3275078535079956,0.8125
192,0.0,192.0,499.6875,0.25566813349723816,0.90625
193,0.0,193.0,499.6875,0.23660999536514282,0.9375
194,0.0,194.0,499.6875,0.26128026843070984,0.96875
195,0.0,195.0,499.6875,0.17915168404579163,0.96875
196,0.0,196.0,499.6875,0.06175892800092697,0.96875
197,0.0,197.0,499.6875,0.10813448578119278,1.0
198,0.0,198.0,499.6875,0.08365678042173386,1.0
199,0.0,199.0,499.6875,0.27489084005355835,0.9375
200,0.0,200.0,499.6875,0.09158031642436981,0.96875
201,0.0,201.0,499.6875,0.11518775671720505,1.0
202,0.0,202.0,499.6875,0.09208306670188904,0.96875
203,0.0,203.0,499.6875,0.060351669788360596,1.0
204,0.0,204.0,499.6875,0.5583229660987854,0.84375
205,0.0,205.0,499.6875,0.36055317521095276,0.875
206,0.0,206.0,499.6875,0.24573399126529694,0.9375
207,0.0,207.0,499.6875,0.1329054981470108,0.9375
208,0.0,208.0,499.6875,0.16633819043636322,0.96875
209,0.0,209.0,499.6875,0.19625772535800934,0.96875
210,0.0,210.0,499.6875,0.21387289464473724,0.9375
211,0.0,211.0,499.6875,0.2682872712612152,0.9375
212,0.0,212.0,499.6875,0.5199065208435059,0.90625
213,0.0,213.0,499.6875,0.053285278379917145,1.0
214,0.0,214.0,499.6875,0.35521557927131653,0.875
215,0.0,215.0,499.6875,0.1724732518196106,0.96875
216,0.0,216.0,499.6875,0.3459201455116272,0.875
217,0.0,217.0,499.6875,0.3794512450695038,0.90625
218,0.0,218.0,499.6875,0.09913439303636551,1.0
219,0.0,219.0,499.6875,0.20326508581638336,0.90625
220,0.0,220.0,499.6875,0.018655002117156982,1.0
221,0.0,221.0,499.6875,0.058564692735672,1.0
222,0.0,222.0,499.6875,0.1748410016298294,0.96875
223,0.0,223.0,499.6875,0.1904079169034958,0.96875
224,0.0,224.0,499.6875,0.3140951097011566,0.90625
225,0.0,225.0,499.6875,0.0832991898059845,1.0
226,0.0,226.0,499.6875,0.31791412830352783,0.9375
227,0.0,227.0,499.6875,0.07484413683414459,1.0
228,0.0,228.0,499.6875,0.2069157063961029,0.9375
229,0.0,229.0,499.6875,0.23433856666088104,0.96875
230,0.0,230.0,499.6875,0.14249035716056824,0.96875
231,0.0,231.0,499.6875,0.27417030930519104,0.9375
232,0.0,232.0,499.6875,0.26951372623443604,0.96875
233,0.0,233.0,499.6875,0.2194739431142807,0.9375
234,0.0,234.0,499.6875,0.3820921778678894,0.90625
235,0.0,235.0,499.6875,0.06325921416282654,1.0
236,0.0,236.0,499.6875,0.30201345682144165,0.9375
237,0.0,237.0,499.6875,0.25656282901763916,0.9375
238,0.0,238.0,499.6875,0.035642437636852264,1.0
239,0.0,239.0,499.6875,0.4034230709075928,0.90625
240,0.0,240.0,499.6875,0.2679535448551178,0.90625
241,0.0,241.0,499.6875,0.16052913665771484,0.96875
242,0.0,242.0,499.6875,0.09782631695270538,1.0
243,0.0,243.0,499.6875,0.12051048129796982,0.9375
244,0.0,244.0,499.6875,0.17300039529800415,1.0
245,0.0,245.0,499.6875,0.2998896837234497,0.90625
246,0.0,246.0,499.6875,0.25548437237739563,0.90625
247,0.0,247.0,499.6875,0.16843323409557343,0.96875
248,0.0,248.0,499.6875,0.2906494140625,0.9375
249,0.0,249.0,499.6875,0.0797649696469307,0.96875
250,0.0,250.0,499.6875,0.07132679224014282,1.0
251,0.0,251.0,499.6875,0.47567054629325867,0.875
252,0.0,252.0,499.6875,0.27274855971336365,0.9375
253,0.0,253.0,499.6875,0.10046371817588806,0.96875
254,0.0,254.0,499.6875,0.2617165148258209,0.90625
255,0.0,255.0,499.6875,0.051367297768592834,1.0
256,0.0,256.0,499.6875,0.04919271171092987,1.0
257,0.0,257.0,499.6875,0.1394539624452591,0.96875
258,0.0,258.0,499.6875,0.2093208134174347,0.96875
259,0.0,259.0,499.6875,0.08961866050958633,1.0
260,0.0,260.0,499.6875,0.31516891717910767,0.90625
261,0.0,261.0,499.6875,0.07385219633579254,1.0
262,0.0,262.0,499.6875,0.08748224377632141,1.0
263,0.0,263.0,499.6875,0.16693605482578278,0.9375
264,0.0,264.0,499.6875,0.274971067905426,0.9375
265,0.0,265.0,499.6875,0.2004132717847824,0.9375
266,0.0,266.0,499.6875,0.4858379662036896,0.875
267,0.0,267.0,499.6875,0.12783393263816833,0.96875
268,0.0,268.0,499.6875,0.4719673693180084,0.90625
269,0.0,269.0,499.6875,0.3500012457370758,0.9375
270,0.0,270.0,499.6875,0.19212737679481506,0.96875
271,0.0,271.0,499.6875,0.25792747735977173,0.90625
272,0.0,272.0,499.6875,0.23460112512111664,0.96875
273,0.0,273.0,499.6875,0.04446589946746826,1.0
274,0.0,274.0,499.6875,0.0944964736700058,0.96875
275,0.0,275.0,499.6875,0.0635327398777008,1.0
276,0.0,276.0,499.6875,0.06971748173236847,0.96875
277,0.0,277.0,499.6875,0.13055124878883362,0.96875
278,0.0,278.0,499.6875,0.19053231179714203,0.9375
279,0.0,279.0,499.6875,0.32896164059638977,0.9375
280,0.0,280.0,499.6875,0.2600904703140259,0.90625
281,0.0,281.0,499.6875,0.3016718626022339,0.875
282,0.0,282.0,499.6875,0.10220097005367279,0.96875
283,0.0,283.0,499.6875,0.24920500814914703,0.9375
284,0.0,284.0,499.6875,0.1695527285337448,0.96875
285,0.0,285.0,499.6875,0.13571275770664215,0.96875
286,0.0,286.0,499.6875,0.2328249216079712,0.9375
287,0.0,287.0,499.6875,0.2288476824760437,0.9375
288,0.0,288.0,499.6875,0.046745285391807556,1.0
289,0.0,289.0,499.6875,0.059498511254787445,1.0
290,0.0,290.0,499.6875,0.2630060911178589,0.9375
291,0.0,291.0,499.6875,0.13251085579395294,0.96875
292,0.0,292.0,499.6875,0.286587655544281,0.9375
293,0.0,293.0,499.6875,0.1161508709192276,0.96875
294,0.0,294.0,499.6875,0.27567216753959656,0.90625
295,0.0,295.0,499.6875,0.2839938998222351,0.90625
296,0.0,296.0,499.6875,0.1580861657857895,0.9375
297,0.0,297.0,499.6875,0.13422740995883942,0.9375
298,0.0,298.0,499.6875,0.06289350986480713,1.0
299,0.0,299.0,499.6875,0.021256953477859497,1.0
300,0.0,300.0,499.6875,0.3790009915828705,0.9375
301,0.0,301.0,499.6875,0.12193388491868973,0.9375
302,0.0,302.0,499.6875,0.09921355545520782,0.96875
303,0.0,303.0,499.6875,0.9745943546295166,0.8125
304,0.0,304.0,499.6875,0.2274320125579834,0.875
305,0.0,305.0,499.6875,0.20092333853244781,0.9375
306,0.0,306.0,499.6875,0.31866180896759033,0.9375
307,0.0,307.0,499.6875,0.038777321577072144,1.0
308,0.0,308.0,499.6875,0.09865864366292953,1.0
309,0.0,309.0,499.6875,0.33301103115081787,0.875
310,0.0,310.0,499.6875,0.18546637892723083,0.9375
311,0.0,311.0,499.6875,0.1117730662226677,1.0
312,0.0,312.0,499.6875,0.13902798295021057,0.96875
313,0.0,313.0,499.6875,0.07546447217464447,0.96875
314,0.0,314.0,499.6875,0.4443678557872772,0.875
315,0.0,315.0,499.6875,0.341394305229187,0.875
316,0.0,316.0,499.6875,0.11490697413682938,0.9375
317,0.0,317.0,499.6875,0.11213710904121399,0.96875
318,0.0,318.0,499.6875,0.22696059942245483,0.9375
319,0.0,319.0,499.6875,0.10888364166021347,0.96875
320,0.0,320.0,499.6875,0.09851960837841034,0.96875
321,0.0,321.0,499.6875,0.2805684208869934,0.9375
322,0.0,322.0,499.6875,0.23309515416622162,0.9375
323,0.0,323.0,499.6875,0.10714168846607208,0.96875
324,0.0,324.0,499.6875,0.1781296581029892,0.9375
325,0.0,325.0,499.6875,0.6215598583221436,0.875
326,0.0,326.0,499.6875,0.40035349130630493,0.90625
327,0.0,327.0,499.6875,0.16807493567466736,0.96875
328,0.0,328.0,499.6875,0.2913806736469269,0.9375
329,0.0,329.0,499.6875,0.4044483006000519,0.90625
330,0.0,330.0,499.6875,0.2121465802192688,0.96875
331,0.0,331.0,499.6875,0.043156445026397705,1.0
332,0.0,332.0,499.6875,0.12263251096010208,0.96875
333,0.0,333.0,499.6875,0.3465256094932556,0.90625
334,0.0,334.0,499.6875,0.3017547130584717,0.90625
335,0.0,335.0,499.6875,0.1535605490207672,0.96875
336,0.0,336.0,499.6875,0.3771142363548279,0.9375
337,0.0,337.0,499.6875,0.2133972942829132,0.9375
338,0.0,338.0,499.6875,0.23838214576244354,0.9375
339,0.0,339.0,499.6875,0.10847914963960648,0.9375
340,0.0,340.0,499.6875,0.1449471414089203,0.96875
341,0.0,341.0,499.6875,0.10877878963947296,1.0
342,0.0,342.0,499.6875,0.6247941851615906,0.875
343,0.0,343.0,499.6875,0.20182162523269653,0.9375
344,0.0,344.0,499.6875,0.07692055404186249,1.0
345,0.0,345.0,499.6875,0.1783715933561325,0.90625
346,0.0,346.0,499.6875,0.17063069343566895,0.9375
347,0.0,347.0,499.6875,0.14023829996585846,0.90625
348,0.0,348.0,499.6875,0.1474573314189911,0.9375
349,0.0,349.0,499.6875,0.1097494438290596,0.9375
350,0.0,350.0,499.6875,0.1190299540758133,0.96875
351,0.0,351.0,499.6875,0.04836955666542053,1.0
352,0.0,352.0,499.6875,0.10569746047258377,0.96875
353,0.0,353.0,499.6875,0.16488862037658691,0.96875
354,0.0,354.0,499.6875,0.05049821734428406,1.0
355,0.0,355.0,499.6875,0.054993197321891785,1.0
356,0.0,356.0,499.6875,0.09108176082372665,1.0
357,0.0,357.0,499.6875,0.13296353816986084,0.9375
358,0.0,358.0,499.6875,0.3485458791255951,0.90625
359,0.0,359.0,499.6875,0.09665333479642868,1.0
360,0.0,360.0,499.6875,0.06602190434932709,1.0
361,0.0,361.0,499.6875,0.16267794370651245,0.96875
362,0.0,362.0,499.6875,0.3557465672492981,0.90625
363,0.0,363.0,499.6875,0.09194730222225189,0.96875
364,0.0,364.0,499.6875,0.32456761598587036,0.875
365,0.0,365.0,499.6875,0.17063702642917633,0.9375
366,0.0,366.0,499.6875,0.1700107753276825,0.9375
367,0.0,367.0,499.6875,0.057019516825675964,1.0
368,0.0,368.0,499.6875,0.08291815966367722,0.9375
369,0.0,369.0,499.6875,0.0536811500787735,1.0
370,0.0,370.0,499.6875,0.10048675537109375,0.96875
371,0.0,371.0,499.6875,0.05188310146331787,1.0
372,0.0,372.0,499.6875,0.3155842125415802,0.9375
373,0.0,373.0,499.6875,0.13063916563987732,0.96875
374,0.0,374.0,499.6875,0.09775898605585098,0.96875
375,0.0,375.0,499.6875,0.3326629400253296,0.9375
376,0.0,376.0,499.6875,0.10967043042182922,0.96875
377,0.0,377.0,499.6875,0.33290740847587585,0.90625
378,0.0,378.0,499.6875,0.22997574508190155,0.90625
379,0.0,379.0,499.6875,0.08902043849229813,1.0
380,0.0,380.0,499.6875,0.2975354790687561,0.90625
381,0.0,381.0,499.6875,0.20393680036067963,0.90625
382,0.0,382.0,499.6875,0.08226368576288223,1.0
383,0.0,383.0,499.6875,0.2969377636909485,0.875
384,0.0,384.0,499.6875,0.08823893964290619,0.96875
385,0.0,385.0,499.6875,0.03208300471305847,1.0
386,0.0,386.0,499.6875,0.22525383532047272,0.90625
387,0.0,387.0,499.6875,0.12606078386306763,0.96875
388,0.0,388.0,499.6875,0.2126995474100113,0.9375
389,0.0,389.0,499.6875,0.1640220582485199,0.9375
390,0.0,390.0,499.6875,0.019632607698440552,1.0
391,0.0,391.0,499.6875,0.09322109073400497,0.96875
392,0.0,392.0,499.6875,0.1296408474445343,0.96875
393,0.0,393.0,499.6875,0.11423282325267792,0.96875
394,0.0,394.0,499.6875,0.10925136506557465,0.96875
395,0.0,395.0,499.6875,0.2040599137544632,0.9375
396,0.0,396.0,499.6875,0.26245802640914917,0.90625
397,0.0,397.0,499.6875,0.021852433681488037,1.0
398,0.0,398.0,499.6875,0.44300559163093567,0.90625
399,0.0,399.0,499.6875,0.23644575476646423,0.9375
400,0.0,400.0,499.6875,0.11604717373847961,0.96875
401,0.0,401.0,499.6875,0.2151471972465515,0.9375
402,0.0,402.0,499.6875,0.04381461441516876,1.0
403,0.0,403.0,499.6875,0.19704866409301758,0.90625
404,0.0,404.0,499.6875,0.20146948099136353,0.96875
405,0.0,405.0,499.6875,0.35794541239738464,0.90625
406,0.0,406.0,499.6875,0.07769181579351425,1.0
407,0.0,407.0,499.6875,0.05891387164592743,1.0
408,0.0,408.0,499.6875,0.22443394362926483,0.9375
409,0.0,409.0,499.6875,0.04094685614109039,1.0
410,0.0,410.0,499.6875,0.117730051279068,0.96875
411,0.0,411.0,499.6875,0.09033971279859543,1.0
412,0.0,412.0,499.6875,0.13784873485565186,0.96875
413,0.0,413.0,499.6875,0.05044566094875336,1.0
414,0.0,414.0,499.6875,0.1907690167427063,0.9375
415,0.0,415.0,499.6875,0.1410703957080841,0.9375
416,0.0,416.0,499.6875,0.1185002475976944,0.96875
417,0.0,417.0,499.6875,0.06392055004835129,0.96875
418,0.0,418.0,499.6875,0.08109848201274872,0.96875
419,0.0,419.0,499.6875,0.0328860878944397,1.0
420,0.0,420.0,499.6875,0.13392964005470276,0.9375
421,0.0,421.0,499.6875,0.049200862646102905,0.96875
422,0.0,422.0,499.6875,0.10799131542444229,1.0
423,0.0,423.0,499.6875,0.17875292897224426,0.96875
424,0.0,424.0,499.6875,0.24105659127235413,0.9375
425,0.0,425.0,499.6875,0.14508160948753357,0.96875
426,0.0,426.0,499.6875,0.11211801320314407,0.96875
427,0.0,427.0,499.6875,0.13900940120220184,0.96875
428,0.0,428.0,499.6875,0.18526944518089294,0.96875
429,0.0,429.0,499.6875,0.05192607641220093,1.0
430,0.0,430.0,499.6875,0.21884532272815704,0.9375
431,0.0,431.0,499.6875,0.14447736740112305,1.0
432,0.0,432.0,499.6875,0.18632474541664124,0.9375
433,0.0,433.0,499.6875,0.23384791612625122,0.90625
434,0.0,434.0,499.6875,0.2190370112657547,0.90625
435,0.0,435.0,499.6875,0.08765176683664322,1.0
436,0.0,436.0,499.6875,0.061245396733284,0.96875
437,0.0,437.0,499.6875,0.3823126256465912,0.875
438,0.0,438.0,499.6875,0.11131396889686584,0.9375
439,0.0,439.0,499.6875,0.10516096651554108,0.9375
440,0.0,440.0,499.6875,0.12814955413341522,0.96875
441,0.0,441.0,499.6875,0.030637100338935852,1.0
442,0.0,442.0,499.6875,0.17185166478157043,0.9375
443,0.0,443.0,499.6875,0.07071608304977417,0.96875
444,0.0,444.0,499.6875,0.045431703329086304,1.0
445,0.0,445.0,499.6875,0.032151833176612854,1.0
446,0.0,446.0,499.6875,0.23297148942947388,0.9375
447,0.0,447.0,499.6875,0.027150824666023254,1.0
448,0.0,448.0,499.6875,0.16111794114112854,0.96875
449,0.0,449.0,499.6875,0.11253079771995544,1.0
450,0.0,450.0,499.6875,0.024256274104118347,1.0
451,0.0,451.0,499.6875,0.08219953626394272,0.96875
452,0.0,452.0,499.6875,0.4808817505836487,0.875
453,0.0,453.0,499.6875,0.16388103365898132,0.9375
454,0.0,454.0,499.6875,0.243458554148674,0.96875
455,0.0,455.0,499.6875,0.04341833293437958,1.0
456,0.0,456.0,499.6875,0.03643547743558884,1.0
457,0.0,457.0,499.6875,0.06700661778450012,1.0
458,0.0,458.0,499.6875,0.03684870898723602,1.0
459,0.0,459.0,499.6875,0.1129271388053894,0.96875
460,0.0,460.0,499.6875,0.026586517691612244,1.0
461,0.0,461.0,499.6875,0.08781003952026367,0.96875
462,0.0,462.0,499.6875,0.01714445650577545,1.0
463,0.0,463.0,499.6875,0.4140298366546631,0.875
464,0.0,464.0,499.6875,0.037353843450546265,1.0
465,0.0,465.0,499.6875,0.12879599630832672,0.96875
466,0.0,466.0,499.6875,0.2079232782125473,0.9375
467,0.0,467.0,499.6875,0.17589344084262848,0.96875
468,0.0,468.0,499.6875,0.10575628280639648,0.9375
469,0.0,469.0,499.6875,0.15652695298194885,0.9375
470,0.0,470.0,499.6875,0.19730116426944733,0.9375
471,0.0,471.0,499.6875,0.27862441539764404,0.9375
472,0.0,472.0,499.6875,0.17273090779781342,0.96875
473,0.0,473.0,499.6875,0.10828468203544617,0.96875
474,0.0,474.0,499.6875,0.16009965538978577,0.96875
475,0.0,475.0,499.6875,0.23360802233219147,0.96875
476,0.0,476.0,499.6875,0.5708365440368652,0.84375
477,0.0,477.0,499.6875,0.3946600556373596,0.84375
478,0.0,478.0,499.6875,0.23516537249088287,0.9375
479,0.0,479.0,499.6875,0.02480091154575348,1.0
480,0.0,480.0,499.6875,0.023520678281784058,1.0
481,0.0,481.0,499.6875,0.31429988145828247,0.9375
482,0.0,482.0,499.6875,0.0799528956413269,0.96875
483,0.0,483.0,499.6875,0.20730313658714294,0.9375
484,0.0,484.0,499.6875,0.1671450436115265,0.9375
485,0.0,485.0,499.6875,0.030990883708000183,1.0
486,0.0,486.0,499.6875,0.3221075236797333,0.90625
487,0.0,487.0,499.6875,0.32178935408592224,0.90625
488,0.0,488.0,499.6875,0.02796204388141632,1.0
489,0.0,489.0,499.6875,0.2696686387062073,0.96875
490,0.0,490.0,499.6875,0.32908710837364197,0.90625
491,0.0,491.0,499.6875,0.09250174462795258,0.96875
492,0.0,492.0,499.6875,0.09058898687362671,0.96875
493,0.0,493.0,499.6875,0.2544387876987457,0.9375
494,0.0,494.0,499.6875,0.11155730485916138,0.96875
495,0.0,495.0,499.6875,0.08325283974409103,0.96875
496,0.0,496.0,499.6875,0.1853836625814438,0.9375
497,0.0,497.0,499.6875,0.16334591805934906,0.96875
498,0.0,498.0,499.6875,0.1792360097169876,0.90625
499,0.0,499.0,499.6875,0.07294276356697083,0.6875
500,1.0,0.0,499.6875,0.15566864609718323,0.9375
501,1.0,1.0,499.6875,0.08822086453437805,0.96875
502,1.0,2.0,499.6875,0.1077701598405838,0.9375
503,1.0,3.0,499.6875,0.07835199683904648,1.0
504,1.0,4.0,499.6875,0.08603672683238983,1.0
505,1.0,5.0,499.6875,0.04360000789165497,1.0
506,1.0,6.0,499.6875,0.2047581821680069,0.9375
507,1.0,7.0,499.6875,0.02774915099143982,1.0
508,1.0,8.0,499.6875,0.07817912846803665,0.96875
509,1.0,9.0,499.6875,0.18954655528068542,0.9375
510,1.0,10.0,499.6875,0.057053059339523315,1.0
511,1.0,11.0,499.6875,0.06473800539970398,1.0
512,1.0,12.0,499.6875,0.05274280160665512,1.0
513,1.0,13.0,499.6875,0.23289810121059418,0.90625
514,1.0,14.0,499.6875,0.25193509459495544,0.90625
515,1.0,15.0,499.6875,0.1157907247543335,0.96875
516,1.0,16.0,499.6875,0.14256852865219116,0.96875
517,1.0,17.0,499.6875,0.166830375790596,0.9375
518,1.0,18.0,499.6875,0.1327715963125229,0.9375
519,1.0,19.0,499.6875,0.25739771127700806,0.96875
520,1.0,20.0,499.6875,0.0780763030052185,0.96875
521,1.0,21.0,499.6875,0.14011205732822418,0.9375
522,1.0,22.0,499.6875,0.30867230892181396,0.9375
523,1.0,23.0,499.6875,0.15084442496299744,0.9375
524,1.0,24.0,499.6875,0.17223075032234192,0.9375
525,1.0,25.0,499.6875,0.18709366023540497,0.9375
526,1.0,26.0,499.6875,0.20580267906188965,0.9375
527,1.0,27.0,499.6875,0.11728793382644653,0.96875
528,1.0,28.0,499.6875,0.28540098667144775,0.90625
529,1.0,29.0,499.6875,0.16224631667137146,0.9375
530,1.0,30.0,499.6875,0.08503604680299759,0.96875
531,1.0,31.0,499.6875,0.054452747106552124,1.0
532,1.0,32.0,499.6875,0.1705271601676941,0.9375
533,1.0,33.0,499.6875,0.12434638291597366,0.96875
534,1.0,34.0,499.6875,0.19364677369594574,0.9375
535,1.0,35.0,499.6875,0.06762707233428955,0.96875
536,1.0,36.0,499.6875,0.09151938557624817,0.96875
537,1.0,37.0,499.6875,0.07447429746389389,1.0
538,1.0,38.0,499.6875,0.4257056415081024,0.875
539,1.0,39.0,499.6875,0.12410709261894226,0.96875
540,1.0,40.0,499.6875,0.32906708121299744,0.9375
541,1.0,41.0,499.6875,0.0787426233291626,1.0
542,1.0,42.0,499.6875,0.135507270693779,0.9375
543,1.0,43.0,499.6875,0.06758107244968414,1.0
544,1.0,44.0,499.6875,0.1282239556312561,0.96875
545,1.0,45.0,499.6875,0.12471584975719452,0.96875
546,1.0,46.0,499.6875,0.05859072506427765,0.96875
547,1.0,47.0,499.6875,0.08326046168804169,0.96875
548,1.0,48.0,499.6875,0.08452388644218445,0.96875
549,1.0,49.0,499.6875,0.15039701759815216,0.9375
550,1.0,50.0,499.6875,0.046385958790779114,1.0
551,1.0,51.0,499.6875,0.1375240534543991,0.9375
552,1.0,52.0,499.6875,0.11983843147754669,0.9375
553,1.0,53.0,499.6875,0.31742313504219055,0.9375
554,1.0,54.0,499.6875,0.2054770141839981,0.90625
555,1.0,55.0,499.6875,0.07395243644714355,0.96875
556,1.0,56.0,499.6875,0.038523584604263306,1.0
557,1.0,57.0,499.6875,0.12038193643093109,0.9375
558,1.0,58.0,499.6875,0.35085397958755493,0.9375
559,1.0,59.0,499.6875,0.06096301227807999,0.96875
560,1.0,60.0,499.6875,0.16645695269107819,0.9375
561,1.0,61.0,499.6875,0.1799757331609726,0.9375
562,1.0,62.0,499.6875,0.07524385303258896,0.96875
563,1.0,63.0,499.6875,0.048409007489681244,1.0
564,1.0,64.0,499.6875,0.2169005572795868,0.96875
565,1.0,65.0,499.6875,0.24341534078121185,0.9375
566,1.0,66.0,499.6875,0.08193545043468475,0.96875
567,1.0,67.0,499.6875,0.04774583876132965,0.96875
568,1.0,68.0,499.6875,0.10677134245634079,0.96875
569,1.0,69.0,499.6875,0.08861254155635834,0.96875
570,1.0,70.0,499.6875,0.1136258989572525,0.9375
571,1.0,71.0,499.6875,0.21549706161022186,0.96875
572,1.0,72.0,499.6875,0.11679480969905853,0.96875
573,1.0,73.0,499.6875,0.23355618119239807,0.96875
574,1.0,74.0,499.6875,0.020718246698379517,1.0
575,1.0,75.0,499.6875,0.0839620977640152,0.96875
576,1.0,76.0,499.6875,0.10300566256046295,0.96875
577,1.0,77.0,499.6875,0.07622295618057251,0.96875
578,1.0,78.0,499.6875,0.027644887566566467,1.0
579,1.0,79.0,499.6875,0.14800311625003815,0.90625
580,1.0,80.0,499.6875,0.1136893555521965,0.9375
581,1.0,81.0,499.6875,0.039544858038425446,1.0
582,1.0,82.0,499.6875,0.093404620885849,0.96875
583,1.0,83.0,499.6875,0.19666022062301636,0.90625
584,1.0,84.0,499.6875,0.021509692072868347,1.0
585,1.0,85.0,499.6875,0.2999652326107025,0.9375
586,1.0,86.0,499.6875,0.013626337051391602,1.0
587,1.0,87.0,499.6875,0.07058670371770859,1.0
588,1.0,88.0,499.6875,0.10975342988967896,0.96875
589,1.0,89.0,499.6875,0.04043765366077423,0.96875
590,1.0,90.0,499.6875,0.0340515673160553,1.0
591,1.0,91.0,499.6875,0.17282332479953766,0.9375
592,1.0,92.0,499.6875,0.1573668122291565,0.9375
593,1.0,93.0,499.6875,0.07274340093135834,0.96875
594,1.0,94.0,499.6875,0.13323739171028137,0.96875
595,1.0,95.0,499.6875,0.1764107197523117,0.9375
596,1.0,96.0,499.6875,0.1388419270515442,0.96875
597,1.0,97.0,499.6875,0.09332732856273651,0.96875
598,1.0,98.0,499.6875,0.07034741342067719,0.96875
599,1.0,99.0,499.6875,0.09598924219608307,0.96875
600,1.0,100.0,499.6875,0.03652585297822952,1.0
601,1.0,101.0,499.6875,0.027715370059013367,1.0
602,1.0,102.0,499.6875,0.11672071367502213,0.96875
603,1.0,103.0,499.6875,0.20877495408058167,0.90625
604,1.0,104.0,499.6875,0.06154348701238632,1.0
605,1.0,105.0,499.6875,0.06281915307044983,1.0
606,1.0,106.0,499.6875,0.26037099957466125,0.96875
607,1.0,107.0,499.6875,0.1690582036972046,0.96875
608,1.0,108.0,499.6875,0.10601343959569931,0.96875
609,1.0,109.0,499.6875,0.054391950368881226,0.96875
610,1.0,110.0,499.6875,0.3864678144454956,0.9375
611,1.0,111.0,499.6875,0.07534432411193848,0.96875
612,1.0,112.0,499.6875,0.028441131114959717,1.0
613,1.0,113.0,499.6875,0.08770877122879028,0.96875
614,1.0,114.0,499.6875,0.07792743295431137,0.96875
615,1.0,115.0,499.6875,0.08212701231241226,0.96875
616,1.0,116.0,499.6875,0.3916773200035095,0.875
617,1.0,117.0,499.6875,0.09350313246250153,0.9375
618,1.0,118.0,499.6875,0.10884735733270645,0.9375
619,1.0,119.0,499.6875,0.08831104636192322,0.96875
620,1.0,120.0,499.6875,0.01574288308620453,1.0
621,1.0,121.0,499.6875,0.12070219218730927,0.9375
622,1.0,122.0,499.6875,0.08558523654937744,0.96875
623,1.0,123.0,499.6875,0.06376250088214874,1.0
624,1.0,124.0,499.6875,0.0109795480966568,1.0
625,1.0,125.0,499.6875,0.03272624313831329,1.0
626,1.0,126.0,499.6875,0.07179117947816849,0.96875
627,1.0,127.0,499.6875,0.11937449872493744,0.96875
628,1.0,128.0,499.6875,0.08358648419380188,1.0
629,1.0,129.0,499.6875,0.09347307682037354,0.9375
630,1.0,130.0,499.6875,0.1222056895494461,0.9375
631,1.0,131.0,499.6875,0.1220657229423523,0.96875
632,1.0,132.0,499.6875,0.01426367461681366,1.0
633,1.0,133.0,499.6875,0.059413179755210876,1.0
634,1.0,134.0,499.6875,0.022294089198112488,1.0
635,1.0,135.0,499.6875,0.049513377249240875,1.0
636,1.0,136.0,499.6875,0.1063782274723053,0.9375
637,1.0,137.0,499.6875,0.036744482815265656,1.0
638,1.0,138.0,499.6875,0.036776602268218994,1.0
639,1.0,139.0,499.6875,0.06500096619129181,0.96875
640,1.0,140.0,499.6875,0.1305755227804184,0.9375
641,1.0,141.0,499.6875,0.0163201242685318,1.0
642,1.0,142.0,499.6875,0.14157220721244812,0.9375
643,1.0,143.0,499.6875,0.2298130989074707,0.9375
644,1.0,144.0,499.6875,0.07713249325752258,1.0
645,1.0,145.0,499.6875,0.09512223303318024,0.96875
646,1.0,146.0,499.6875,0.07915180921554565,0.96875
647,1.0,147.0,499.6875,0.04030539095401764,1.0
648,1.0,148.0,499.6875,0.2594957649707794,0.96875
649,1.0,149.0,499.6875,0.21626971662044525,0.96875
650,1.0,150.0,499.6875,0.039459228515625,1.0
651,1.0,151.0,499.6875,0.014312744140625,1.0
652,1.0,152.0,499.6875,0.06269887834787369,0.96875
653,1.0,153.0,499.6875,0.04955598711967468,0.96875
654,1.0,154.0,499.6875,0.028477564454078674,1.0
655,1.0,155.0,499.6875,0.10732759535312653,0.96875
656,1.0,156.0,499.6875,0.07194775342941284,0.96875
657,1.0,157.0,499.6875,0.09877460449934006,0.96875
658,1.0,158.0,499.6875,0.02284279465675354,1.0
659,1.0,159.0,499.6875,0.33038654923439026,0.9375
660,1.0,160.0,499.6875,0.04488857090473175,0.96875
661,1.0,161.0,499.6875,0.07729920744895935,0.96875
662,1.0,162.0,499.6875,0.04077613353729248,1.0
663,1.0,163.0,499.6875,0.24038484692573547,0.96875
664,1.0,164.0,499.6875,0.21208800375461578,0.9375
665,1.0,165.0,499.6875,0.050926901400089264,1.0
666,1.0,166.0,499.6875,0.09619239717721939,1.0
667,1.0,167.0,499.6875,0.10454878211021423,0.96875
668,1.0,168.0,499.6875,0.06801292300224304,1.0
669,1.0,169.0,499.6875,0.023640885949134827,1.0
670,1.0,170.0,499.6875,0.19916921854019165,0.90625
671,1.0,171.0,499.6875,0.03919893503189087,0.96875
672,1.0,172.0,499.6875,0.04362976551055908,1.0
673,1.0,173.0,499.6875,0.02009737491607666,1.0
674,1.0,174.0,499.6875,0.013975635170936584,1.0
675,1.0,175.0,499.6875,0.08579951524734497,0.96875
676,1.0,176.0,499.6875,0.0857977643609047,0.9375
677,1.0,177.0,499.6875,0.03394395112991333,1.0
678,1.0,178.0,499.6875,0.0553051233291626,0.96875
679,1.0,179.0,499.6875,0.008297353982925415,1.0
680,1.0,180.0,499.6875,0.036293745040893555,1.0
681,1.0,181.0,499.6875,0.10812342166900635,0.96875
682,1.0,182.0,499.6875,0.2669260799884796,0.90625
683,1.0,183.0,499.6875,0.08558339625597,0.96875
684,1.0,184.0,499.6875,0.017134591937065125,1.0
685,1.0,185.0,499.6875,0.07222506403923035,0.96875
686,1.0,186.0,499.6875,0.04468138515949249,0.96875
687,1.0,187.0,499.6875,0.04890456795692444,1.0
688,1.0,188.0,499.6875,0.17386609315872192,0.9375
689,1.0,189.0,499.6875,0.09297659993171692,0.96875
690,1.0,190.0,499.6875,0.007425472140312195,1.0
691,1.0,191.0,499.6875,0.2949182391166687,0.90625
692,1.0,192.0,499.6875,0.31106728315353394,0.96875
693,1.0,193.0,499.6875,0.08198828995227814,0.96875
694,1.0,194.0,499.6875,0.12139809131622314,0.9375
695,1.0,195.0,499.6875,0.15528292953968048,0.9375
696,1.0,196.0,499.6875,0.05980178713798523,0.96875
697,1.0,197.0,499.6875,0.13199615478515625,0.96875
698,1.0,198.0,499.6875,0.028231963515281677,1.0
699,1.0,199.0,499.6875,0.11970429122447968,0.9375
700,1.0,200.0,499.6875,0.07222147285938263,0.96875
701,1.0,201.0,499.6875,0.07924798130989075,0.96875
702,1.0,202.0,499.6875,0.8106257319450378,0.875
703,1.0,203.0,499.6875,0.13204185664653778,0.9375
704,1.0,204.0,499.6875,0.03572072833776474,1.0
705,1.0,205.0,499.6875,0.013000637292861938,1.0
706,1.0,206.0,499.6875,0.030336350202560425,1.0
707,1.0,207.0,499.6875,0.12242100387811661,0.96875
708,1.0,208.0,499.6875,0.11215042322874069,0.96875
709,1.0,209.0,499.6875,0.09023982286453247,0.9375
710,1.0,210.0,499.6875,0.07803879678249359,0.96875
711,1.0,211.0,499.6875,0.06004670262336731,0.96875
712,1.0,212.0,499.6875,0.2609291672706604,0.90625
713,1.0,213.0,499.6875,0.053790971636772156,0.96875
714,1.0,214.0,499.6875,0.03490172326564789,1.0
715,1.0,215.0,499.6875,0.02118280529975891,1.0
716,1.0,216.0,499.6875,0.16020740568637848,0.9375
717,1.0,217.0,499.6875,0.01753196120262146,1.0
718,1.0,218.0,499.6875,0.02891075611114502,1.0
719,1.0,219.0,499.6875,0.39971014857292175,0.90625
720,1.0,220.0,499.6875,0.07332946360111237,0.96875
721,1.0,221.0,499.6875,0.12840226292610168,0.9375
722,1.0,222.0,499.6875,0.12858663499355316,0.9375
723,1.0,223.0,499.6875,0.152107372879982,0.96875
724,1.0,224.0,499.6875,0.11270594596862793,0.96875
725,1.0,225.0,499.6875,0.07241935282945633,0.96875
726,1.0,226.0,499.6875,0.1721964180469513,0.96875
727,1.0,227.0,499.6875,0.0493587926030159,1.0
728,1.0,228.0,499.6875,0.06090141832828522,0.96875
729,1.0,229.0,499.6875,0.15834969282150269,0.96875
730,1.0,230.0,499.6875,0.1758219450712204,0.9375
731,1.0,231.0,499.6875,0.12579384446144104,0.96875
732,1.0,232.0,499.6875,0.03428263962268829,1.0
733,1.0,233.0,499.6875,0.04219615459442139,1.0
734,1.0,234.0,499.6875,0.1597159206867218,0.90625
735,1.0,235.0,499.6875,0.22761467099189758,0.90625
736,1.0,236.0,499.6875,0.028104260563850403,1.0
737,1.0,237.0,499.6875,0.04874825477600098,1.0
738,1.0,238.0,499.6875,0.10228679329156876,1.0
739,1.0,239.0,499.6875,0.02467334270477295,1.0
740,1.0,240.0,499.6875,0.2097633183002472,0.9375
741,1.0,241.0,499.6875,0.09930802881717682,0.96875
742,1.0,242.0,499.6875,0.08841228485107422,0.96875
743,1.0,243.0,499.6875,0.11677108705043793,0.96875
744,1.0,244.0,499.6875,0.014922991394996643,1.0
745,1.0,245.0,499.6875,0.12091600894927979,0.96875
746,1.0,246.0,499.6875,0.19711722433567047,0.9375
747,1.0,247.0,499.6875,0.0906088799238205,0.96875
748,1.0,248.0,499.6875,0.028155669569969177,1.0
749,1.0,249.0,499.6875,0.028506852686405182,1.0
750,1.0,250.0,499.6875,0.06299479305744171,1.0
751,1.0,251.0,499.6875,0.05152992159128189,1.0
752,1.0,252.0,499.6875,0.04203598201274872,1.0
753,1.0,253.0,499.6875,0.29180529713630676,0.96875
754,1.0,254.0,499.6875,0.02397914230823517,1.0
755,1.0,255.0,499.6875,0.07418996095657349,0.96875
756,1.0,256.0,499.6875,0.16968628764152527,0.9375
757,1.0,257.0,499.6875,0.12742578983306885,0.9375
758,1.0,258.0,499.6875,0.08260521292686462,0.96875
759,1.0,259.0,499.6875,0.2312089502811432,0.9375
760,1.0,260.0,499.6875,0.1641598790884018,0.9375
761,1.0,261.0,499.6875,0.03727392107248306,1.0
762,1.0,262.0,499.6875,0.07244591414928436,0.96875
763,1.0,263.0,499.6875,0.09047980606555939,0.96875
764,1.0,264.0,499.6875,0.12102467566728592,0.96875
765,1.0,265.0,499.6875,0.03330059349536896,1.0
766,1.0,266.0,499.6875,0.07531370222568512,1.0
767,1.0,267.0,499.6875,0.03191661834716797,1.0
768,1.0,268.0,499.6875,0.08530712872743607,0.96875
769,1.0,269.0,499.6875,0.06764205545186996,0.96875
770,1.0,270.0,499.6875,0.19267581403255463,0.96875
771,1.0,271.0,499.6875,0.06291532516479492,1.0
772,1.0,272.0,499.6875,0.15823861956596375,0.9375
773,1.0,273.0,499.6875,0.09101159870624542,0.96875
774,1.0,274.0,499.6875,0.021894842386245728,1.0
775,1.0,275.0,499.6875,0.16748738288879395,0.90625
776,1.0,276.0,499.6875,0.02273637056350708,1.0
777,1.0,277.0,499.6875,0.02679629623889923,1.0
778,1.0,278.0,499.6875,0.09053322672843933,0.9375
779,1.0,279.0,499.6875,0.5487145185470581,0.875
780,1.0,280.0,499.6875,0.053971968591213226,0.96875
781,1.0,281.0,499.6875,0.03039221465587616,1.0
782,1.0,282.0,499.6875,0.1322401911020279,0.96875
783,1.0,283.0,499.6875,0.02444395422935486,1.0
784,1.0,284.0,499.6875,0.1376805156469345,0.96875
785,1.0,285.0,499.6875,0.04270363599061966,1.0
786,1.0,286.0,499.6875,0.07082119584083557,0.96875
787,1.0,287.0,499.6875,0.02442266047000885,1.0
788,1.0,288.0,499.6875,0.046603091061115265,1.0
789,1.0,289.0,499.6875,0.011188820004463196,1.0
790,1.0,290.0,499.6875,0.19385120272636414,0.96875
791,1.0,291.0,499.6875,0.042883917689323425,1.0
792,1.0,292.0,499.6875,0.2082872986793518,0.90625
793,1.0,293.0,499.6875,0.07998020946979523,1.0
794,1.0,294.0,499.6875,0.4193243384361267,0.90625
795,1.0,295.0,499.6875,0.1447792500257492,0.96875
796,1.0,296.0,499.6875,0.17058692872524261,0.9375
797,1.0,297.0,499.6875,0.060838863253593445,0.96875
798,1.0,298.0,499.6875,0.11374557018280029,0.96875
799,1.0,299.0,499.6875,0.0646519586443901,0.96875
800,1.0,300.0,499.6875,0.21197256445884705,0.90625
801,1.0,301.0,499.6875,0.07190002501010895,0.96875
802,1.0,302.0,499.6875,0.096416175365448,0.96875
803,1.0,303.0,499.6875,0.09893696010112762,0.96875
804,1.0,304.0,499.6875,0.048945218324661255,0.96875
805,1.0,305.0,499.6875,0.04055660963058472,1.0
806,1.0,306.0,499.6875,0.11902352422475815,0.96875
807,1.0,307.0,499.6875,0.09413861483335495,0.96875
808,1.0,308.0,499.6875,0.16693519055843353,0.96875
809,1.0,309.0,499.6875,0.1383504867553711,0.96875
810,1.0,310.0,499.6875,0.13457858562469482,0.9375
811,1.0,311.0,499.6875,0.042092084884643555,1.0
812,1.0,312.0,499.6875,0.015877559781074524,1.0
813,1.0,313.0,499.6875,0.08625016361474991,0.96875
814,1.0,314.0,499.6875,0.16575917601585388,0.9375
815,1.0,315.0,499.6875,0.006354868412017822,1.0
816,1.0,316.0,499.6875,0.12187840044498444,0.96875
817,1.0,317.0,499.6875,0.015061438083648682,1.0
818,1.0,318.0,499.6875,0.04734381288290024,0.96875
819,1.0,319.0,499.6875,0.0749255046248436,0.96875
820,1.0,320.0,499.6875,0.08946539461612701,0.9375
821,1.0,321.0,499.6875,0.011529698967933655,1.0
822,1.0,322.0,499.6875,0.16596905887126923,0.96875
823,1.0,323.0,499.6875,0.15394608676433563,0.9375
824,1.0,324.0,499.6875,0.010217458009719849,1.0
825,1.0,325.0,499.6875,0.028641492128372192,1.0
826,1.0,326.0,499.6875,0.0447845458984375,1.0
827,1.0,327.0,499.6875,0.04844693839550018,1.0
828,1.0,328.0,499.6875,0.014858067035675049,1.0
829,1.0,329.0,499.6875,0.0643458366394043,0.96875
830,1.0,330.0,499.6875,0.1627161055803299,0.9375
831,1.0,331.0,499.6875,0.263111412525177,0.9375
832,1.0,332.0,499.6875,0.017160817980766296,1.0
833,1.0,333.0,499.6875,0.06584921479225159,0.96875
834,1.0,334.0,499.6875,0.12297400832176208,0.96875
835,1.0,335.0,499.6875,0.10872036218643188,0.96875
836,1.0,336.0,499.6875,0.04043181240558624,0.96875
837,1.0,337.0,499.6875,0.19075828790664673,0.96875
838,1.0,338.0,499.6875,0.02995971590280533,1.0
839,1.0,339.0,499.6875,0.21917212009429932,0.96875
840,1.0,340.0,499.6875,0.054359786212444305,0.96875
841,1.0,341.0,499.6875,0.0065962523221969604,1.0
842,1.0,342.0,499.6875,0.2250777781009674,0.9375
843,1.0,343.0,499.6875,0.04326038062572479,1.0
844,1.0,344.0,499.6875,0.10828608274459839,1.0
845,1.0,345.0,499.6875,0.09892075508832932,0.9375
846,1.0,346.0,499.6875,0.1167975664138794,0.9375
847,1.0,347.0,499.6875,0.10165738314390182,0.96875
848,1.0,348.0,499.6875,0.04717583954334259,1.0
849,1.0,349.0,499.6875,0.030320271849632263,0.96875
850,1.0,350.0,499.6875,0.08959472179412842,0.96875
851,1.0,351.0,499.6875,0.0178070068359375,1.0
852,1.0,352.0,499.6875,0.0089234858751297,1.0
853,1.0,353.0,499.6875,0.043032750487327576,1.0
854,1.0,354.0,499.6875,0.03959134221076965,1.0
855,1.0,355.0,499.6875,0.07618699222803116,0.96875
856,1.0,356.0,499.6875,0.12276870012283325,0.9375
857,1.0,357.0,499.6875,0.08543163537979126,0.96875
858,1.0,358.0,499.6875,0.08234310895204544,0.96875
859,1.0,359.0,499.6875,0.14453884959220886,0.96875
860,1.0,360.0,499.6875,0.23466089367866516,0.9375
861,1.0,361.0,499.6875,0.010343536734580994,1.0
862,1.0,362.0,499.6875,0.19054453074932098,0.96875
863,1.0,363.0,499.6875,0.051193445920944214,0.96875
864,1.0,364.0,499.6875,0.15186694264411926,0.96875
865,1.0,365.0,499.6875,0.1962411105632782,0.96875
866,1.0,366.0,499.6875,0.021183207631111145,1.0
867,1.0,367.0,499.6875,0.1697864830493927,0.96875
868,1.0,368.0,499.6875,0.013389229774475098,1.0
869,1.0,369.0,499.6875,0.017842784523963928,1.0
870,1.0,370.0,499.6875,0.07883980870246887,0.96875
871,1.0,371.0,499.6875,0.06040550023317337,0.96875
872,1.0,372.0,499.6875,0.027575649321079254,1.0
873,1.0,373.0,499.6875,0.11328119784593582,0.96875
874,1.0,374.0,499.6875,0.03983895480632782,0.96875
875,1.0,375.0,499.6875,0.07011470198631287,1.0
876,1.0,376.0,499.6875,0.01152975857257843,1.0
877,1.0,377.0,499.6875,0.02189435064792633,1.0
878,1.0,378.0,499.6875,0.04555453360080719,0.96875
879,1.0,379.0,499.6875,0.05341797322034836,1.0
880,1.0,380.0,499.6875,0.0459674596786499,1.0
881,1.0,381.0,499.6875,0.014965102076530457,1.0
882,1.0,382.0,499.6875,0.09075164049863815,0.96875
883,1.0,383.0,499.6875,0.023875966668128967,1.0
884,1.0,384.0,499.6875,0.2798399031162262,0.96875
885,1.0,385.0,499.6875,0.270631343126297,0.9375
886,1.0,386.0,499.6875,0.18538007140159607,0.9375
887,1.0,387.0,499.6875,0.01830655336380005,1.0
888,1.0,388.0,499.6875,0.15550225973129272,0.96875
889,1.0,389.0,499.6875,0.2507582902908325,0.9375
890,1.0,390.0,499.6875,0.07530577480792999,0.96875
891,1.0,391.0,499.6875,0.31228870153427124,0.90625
892,1.0,392.0,499.6875,0.17423167824745178,0.96875
893,1.0,393.0,499.6875,0.04228872060775757,1.0
894,1.0,394.0,499.6875,0.08116523176431656,0.96875
895,1.0,395.0,499.6875,0.019905030727386475,1.0
896,1.0,396.0,499.6875,0.045683860778808594,0.96875
897,1.0,397.0,499.6875,0.07894532382488251,0.96875
898,1.0,398.0,499.6875,0.019462808966636658,1.0
899,1.0,399.0,499.6875,0.04349394142627716,0.96875
900,1.0,400.0,499.6875,0.05401657521724701,0.96875
901,1.0,401.0,499.6875,0.0724564790725708,1.0
902,1.0,402.0,499.6875,0.0271146297454834,1.0
903,1.0,403.0,499.6875,0.03335922956466675,1.0
904,1.0,404.0,499.6875,0.21145422756671906,0.9375
905,1.0,405.0,499.6875,0.22031591832637787,0.9375
906,1.0,406.0,499.6875,0.06923682987689972,0.96875
907,1.0,407.0,499.6875,0.08190599083900452,1.0
908,1.0,408.0,499.6875,0.2551589608192444,0.96875
909,1.0,409.0,499.6875,0.024194717407226562,1.0
910,1.0,410.0,499.6875,0.16852784156799316,0.90625
911,1.0,411.0,499.6875,0.1392616182565689,0.9375
912,1.0,412.0,499.6875,0.2365691363811493,0.96875
913,1.0,413.0,499.6875,0.024089977145195007,1.0
914,1.0,414.0,499.6875,0.06122682988643646,1.0
915,1.0,415.0,499.6875,0.08058322966098785,0.96875
916,1.0,416.0,499.6875,0.24525763094425201,0.9375
917,1.0,417.0,499.6875,0.0456002876162529,1.0
918,1.0,418.0,499.6875,0.02677638828754425,1.0
919,1.0,419.0,499.6875,0.1613244265317917,0.90625
920,1.0,420.0,499.6875,0.027928069233894348,1.0
921,1.0,421.0,499.6875,0.07958066463470459,0.96875
922,1.0,422.0,499.6875,0.04757778346538544,1.0
923,1.0,423.0,499.6875,0.0440467894077301,1.0
924,1.0,424.0,499.6875,0.20274490118026733,0.96875
925,1.0,425.0,499.6875,0.1741473525762558,0.96875
926,1.0,426.0,499.6875,0.18255497515201569,0.9375
927,1.0,427.0,499.6875,0.1854771375656128,0.9375
928,1.0,428.0,499.6875,0.13575832545757294,0.9375
929,1.0,429.0,499.6875,0.11371640115976334,0.96875
930,1.0,430.0,499.6875,0.07550689578056335,0.96875
931,1.0,431.0,499.6875,0.20009730756282806,0.9375
932,1.0,432.0,499.6875,0.007718518376350403,1.0
933,1.0,433.0,499.6875,0.13594511151313782,0.96875
934,1.0,434.0,499.6875,0.0883394181728363,0.96875
935,1.0,435.0,499.6875,0.044616758823394775,0.96875
936,1.0,436.0,499.6875,0.2652515769004822,0.96875
937,1.0,437.0,499.6875,0.03538365662097931,1.0
938,1.0,438.0,499.6875,0.054706111550331116,0.96875
939,1.0,439.0,499.6875,0.11106321215629578,0.9375
940,1.0,440.0,499.6875,0.12037181109189987,0.96875
941,1.0,441.0,499.6875,0.09053322672843933,0.96875
942,1.0,442.0,499.6875,0.021636635065078735,1.0
943,1.0,443.0,499.6875,0.2709754407405853,0.9375
944,1.0,444.0,499.6875,0.027801334857940674,1.0
945,1.0,445.0,499.6875,0.04467199742794037,1.0
946,1.0,446.0,499.6875,0.045518435537815094,1.0
947,1.0,447.0,499.6875,0.0567035973072052,1.0
948,1.0,448.0,499.6875,0.028436943888664246,1.0
949,1.0,449.0,499.6875,0.03948675096035004,1.0
950,1.0,450.0,499.6875,0.08165797591209412,0.96875
951,1.0,451.0,499.6875,0.29751983284950256,0.875
952,1.0,452.0,499.6875,0.25329217314720154,0.96875
953,1.0,453.0,499.6875,0.16343413293361664,0.96875
954,1.0,454.0,499.6875,0.015417858958244324,1.0
955,1.0,455.0,499.6875,0.1790112853050232,0.96875
956,1.0,456.0,499.6875,0.010232120752334595,1.0
957,1.0,457.0,499.6875,0.014064475893974304,1.0
958,1.0,458.0,499.6875,0.01235872507095337,1.0
959,1.0,459.0,499.6875,0.0076673030853271484,1.0
960,1.0,460.0,499.6875,0.017109617590904236,1.0
961,1.0,461.0,499.6875,0.08077109605073929,0.96875
962,1.0,462.0,499.6875,0.02880033850669861,1.0
963,1.0,463.0,499.6875,0.06897522509098053,0.96875
964,1.0,464.0,499.6875,0.041708335280418396,1.0
965,1.0,465.0,499.6875,0.03758496046066284,1.0
966,1.0,466.0,499.6875,0.04110228270292282,1.0
967,1.0,467.0,499.6875,0.07085025310516357,0.96875
968,1.0,468.0,499.6875,0.056804358959198,0.96875
969,1.0,469.0,499.6875,0.18444176018238068,0.9375
970,1.0,470.0,499.6875,0.028064370155334473,1.0
971,1.0,471.0,499.6875,0.011183366179466248,1.0
972,1.0,472.0,499.6875,0.12360932677984238,0.96875
973,1.0,473.0,499.6875,0.0664355680346489,1.0
974,1.0,474.0,499.6875,0.08513113856315613,0.96875
975,1.0,475.0,499.6875,0.15526223182678223,0.9375
976,1.0,476.0,499.6875,0.10238020122051239,0.96875
977,1.0,477.0,499.6875,0.03335225582122803,1.0
978,1.0,478.0,499.6875,0.031446442008018494,1.0
979,1.0,479.0,499.6875,0.18645253777503967,0.9375
980,1.0,480.0,499.6875,0.14382000267505646,0.96875
981,1.0,481.0,499.6875,0.04689493775367737,1.0
982,1.0,482.0,499.6875,0.08306670933961868,0.96875
983,1.0,483.0,499.6875,0.02729998528957367,1.0
984,1.0,484.0,499.6875,0.0067514777183532715,1.0
985,1.0,485.0,499.6875,0.038485780358314514,1.0
986,1.0,486.0,499.6875,0.012241154909133911,1.0
987,1.0,487.0,499.6875,0.027652978897094727,1.0
988,1.0,488.0,499.6875,0.008411437273025513,1.0
989,1.0,489.0,499.6875,0.26221001148223877,0.96875
990,1.0,490.0,499.6875,0.11231803894042969,0.96875
991,1.0,491.0,499.6875,0.20094504952430725,0.96875
992,1.0,492.0,499.6875,0.004812479019165039,1.0
993,1.0,493.0,499.6875,0.41955462098121643,0.9375
994,1.0,494.0,499.6875,0.08235788345336914,0.96875
995,1.0,495.0,499.6875,0.027814403176307678,1.0
996,1.0,496.0,499.6875,0.009119078516960144,1.0
997,1.0,497.0,499.6875,0.03732563555240631,1.0
998,1.0,498.0,499.6875,0.0655570924282074,1.0
999,1.0,499.0,499.6875,0.1561673879623413,0.65625
1000,2.0,0.0,499.6875,0.0336201936006546,1.0
1001,2.0,1.0,499.6875,0.016299575567245483,1.0
1002,2.0,2.0,499.6875,0.14295652508735657,0.9375
1003,2.0,3.0,499.6875,0.054126039147377014,0.96875
1004,2.0,4.0,499.6875,0.03241059184074402,1.0
1005,2.0,5.0,499.6875,0.06313915550708771,0.96875
1006,2.0,6.0,499.6875,0.05741465836763382,0.96875
1007,2.0,7.0,499.6875,0.1874011605978012,0.9375
1008,2.0,8.0,499.6875,0.10792499780654907,0.96875
1009,2.0,9.0,499.6875,0.006220012903213501,1.0
1010,2.0,10.0,499.6875,0.0697639212012291,1.0
1011,2.0,11.0,499.6875,0.045420557260513306,0.96875
1012,2.0,12.0,499.6875,0.07319915294647217,0.96875
1013,2.0,13.0,499.6875,0.011407539248466492,1.0
1014,2.0,14.0,499.6875,0.00846908986568451,1.0
1015,2.0,15.0,499.6875,0.05065310001373291,0.96875
1016,2.0,16.0,499.6875,0.06430438160896301,0.9375
1017,2.0,17.0,499.6875,0.1357136219739914,0.9375
1018,2.0,18.0,499.6875,0.02118121087551117,1.0
1019,2.0,19.0,499.6875,0.11691790074110031,0.96875
1020,2.0,20.0,499.6875,0.013905316591262817,1.0
1021,2.0,21.0,499.6875,0.055801138281822205,0.96875
1022,2.0,22.0,499.6875,0.011082723736763,1.0
1023,2.0,23.0,499.6875,0.09137014299631119,1.0
1024,2.0,24.0,499.6875,0.01621820032596588,1.0
1025,2.0,25.0,499.6875,0.05440427362918854,0.96875
1026,2.0,26.0,499.6875,0.3244306743144989,0.9375
1027,2.0,27.0,499.6875,0.00450482964515686,1.0
1028,2.0,28.0,499.6875,0.11722191423177719,0.9375
1029,2.0,29.0,499.6875,0.03779515624046326,0.96875
1030,2.0,30.0,499.6875,0.02235032618045807,1.0
1031,2.0,31.0,499.6875,0.07805826514959335,0.96875
1032,2.0,32.0,499.6875,0.017740845680236816,1.0
1033,2.0,33.0,499.6875,0.02837325632572174,1.0
1034,2.0,34.0,499.6875,0.03234374523162842,1.0
1035,2.0,35.0,499.6875,0.059542909264564514,0.96875
1036,2.0,36.0,499.6875,0.056971341371536255,0.96875
1037,2.0,37.0,499.6875,0.03142775595188141,1.0
1038,2.0,38.0,499.6875,0.12215831130743027,0.96875
1039,2.0,39.0,499.6875,0.06879626959562302,1.0
1040,2.0,40.0,499.6875,0.04457564651966095,1.0
1041,2.0,41.0,499.6875,0.07905815541744232,0.96875
1042,2.0,42.0,499.6875,0.4132131040096283,0.9375
1043,2.0,43.0,499.6875,0.03054501861333847,1.0
1044,2.0,44.0,499.6875,0.05356435477733612,1.0
1045,2.0,45.0,499.6875,0.0365714430809021,1.0
1046,2.0,46.0,499.6875,0.03475296497344971,1.0
1047,2.0,47.0,499.6875,0.09047636389732361,0.96875
1048,2.0,48.0,499.6875,0.03954632580280304,1.0
1049,2.0,49.0,499.6875,0.016168490052223206,1.0
1050,2.0,50.0,499.6875,0.015784114599227905,1.0
1051,2.0,51.0,499.6875,0.04294236749410629,1.0
1052,2.0,52.0,499.6875,0.020887255668640137,1.0
1053,2.0,53.0,499.6875,0.010997369885444641,1.0
1054,2.0,54.0,499.6875,0.01907825469970703,1.0
1055,2.0,55.0,499.6875,0.01556849479675293,1.0
1056,2.0,56.0,499.6875,0.03958216309547424,0.96875
1057,2.0,57.0,499.6875,0.0875454917550087,0.96875
1058,2.0,58.0,499.6875,0.026952236890792847,1.0
1059,2.0,59.0,499.6875,0.13040436804294586,0.96875
1060,2.0,60.0,499.6875,0.07082124054431915,0.96875
1061,2.0,61.0,499.6875,0.008004099130630493,1.0
1062,2.0,62.0,499.6875,0.04805344343185425,0.96875
1063,2.0,63.0,499.6875,0.19717314839363098,0.96875
1064,2.0,64.0,499.6875,0.14123570919036865,0.96875
1065,2.0,65.0,499.6875,0.006326422095298767,1.0
1066,2.0,66.0,499.6875,0.14308488368988037,0.9375
1067,2.0,67.0,499.6875,0.1132911816239357,0.96875
1068,2.0,68.0,499.6875,0.004818350076675415,1.0
1069,2.0,69.0,499.6875,0.11908842623233795,0.96875
1070,2.0,70.0,499.6875,0.026189610362052917,1.0
1071,2.0,71.0,499.6875,0.013036146759986877,1.0
1072,2.0,72.0,499.6875,0.061560556292533875,1.0
1073,2.0,73.0,499.6875,0.009221106767654419,1.0
1074,2.0,74.0,499.6875,0.007136315107345581,1.0
1075,2.0,75.0,499.6875,0.17970046401023865,0.96875
1076,2.0,76.0,499.6875,0.05418424308300018,1.0
1077,2.0,77.0,499.6875,0.0074797868728637695,1.0
1078,2.0,78.0,499.6875,0.00503954291343689,1.0
1079,2.0,79.0,499.6875,0.03665778040885925,1.0
1080,2.0,80.0,499.6875,0.021491646766662598,1.0
1081,2.0,81.0,499.6875,0.07671555131673813,0.9375
1082,2.0,82.0,499.6875,0.005989968776702881,1.0
1083,2.0,83.0,499.6875,0.03692835569381714,1.0
1084,2.0,84.0,499.6875,0.003983601927757263,1.0
1085,2.0,85.0,499.6875,0.10739527642726898,1.0
1086,2.0,86.0,499.6875,0.12012986093759537,0.9375
1087,2.0,87.0,499.6875,0.023875534534454346,1.0
1088,2.0,88.0,499.6875,0.1686946451663971,0.9375
1089,2.0,89.0,499.6875,0.006223782896995544,1.0
1090,2.0,90.0,499.6875,0.16050183773040771,0.96875
1091,2.0,91.0,499.6875,0.06801093369722366,0.96875
1092,2.0,92.0,499.6875,0.010697796940803528,1.0
1093,2.0,93.0,499.6875,0.03194670379161835,1.0
1094,2.0,94.0,499.6875,0.04550059139728546,0.96875
1095,2.0,95.0,499.6875,0.017435520887374878,1.0
1096,2.0,96.0,499.6875,0.17368757724761963,0.96875
1097,2.0,97.0,499.6875,0.05148810148239136,0.9375
1098,2.0,98.0,499.6875,0.012120485305786133,1.0
1099,2.0,99.0,499.6875,0.006606295704841614,1.0
1100,2.0,100.0,499.6875,0.13292008638381958,0.9375
1101,2.0,101.0,499.6875,0.03015407919883728,1.0
1102,2.0,102.0,499.6875,0.012631386518478394,1.0
1103,2.0,103.0,499.6875,0.00957438349723816,1.0
1104,2.0,104.0,499.6875,0.05504024773836136,1.0
1105,2.0,105.0,499.6875,0.005733370780944824,1.0
1106,2.0,106.0,499.6875,0.013640955090522766,1.0
1107,2.0,107.0,499.6875,0.021182328462600708,1.0
1108,2.0,108.0,499.6875,0.04214046150445938,0.96875
1109,2.0,109.0,499.6875,0.04569116234779358,1.0
1110,2.0,110.0,499.6875,0.010024696588516235,1.0
1111,2.0,111.0,499.6875,0.1321432888507843,0.96875
1112,2.0,112.0,499.6875,0.006437540054321289,1.0
1113,2.0,113.0,499.6875,0.03766908496618271,1.0
1114,2.0,114.0,499.6875,0.05156395584344864,0.96875
1115,2.0,115.0,499.6875,0.13627852499485016,0.96875
1116,2.0,116.0,499.6875,0.021249309182167053,1.0
1117,2.0,117.0,499.6875,0.1346655935049057,0.9375
1118,2.0,118.0,499.6875,0.008900031447410583,1.0
1119,2.0,119.0,499.6875,0.018624767661094666,1.0
1120,2.0,120.0,499.6875,0.0024798810482025146,1.0
1121,2.0,121.0,499.6875,0.034048497676849365,0.96875
1122,2.0,122.0,499.6875,0.17249353229999542,0.90625
1123,2.0,123.0,499.6875,0.2695588171482086,0.9375
1124,2.0,124.0,499.6875,0.041478440165519714,1.0
1125,2.0,125.0,499.6875,0.003381788730621338,1.0
1126,2.0,126.0,499.6875,0.0025328993797302246,1.0
1127,2.0,127.0,499.6875,0.00855189561843872,1.0
1128,2.0,128.0,499.6875,0.1469407081604004,0.9375
1129,2.0,129.0,499.6875,0.17268256843090057,0.96875
1130,2.0,130.0,499.6875,0.2738708257675171,0.9375
1131,2.0,131.0,499.6875,0.2573682367801666,0.90625
1132,2.0,132.0,499.6875,0.024900570511817932,1.0
1133,2.0,133.0,499.6875,0.19253882765769958,0.9375
1134,2.0,134.0,499.6875,0.007608890533447266,1.0
1135,2.0,135.0,499.6875,0.00743219256401062,1.0
1136,2.0,136.0,499.6875,0.08388732373714447,0.96875
1137,2.0,137.0,499.6875,0.025853142142295837,1.0
1138,2.0,138.0,499.6875,0.06837869435548782,0.96875
1139,2.0,139.0,499.6875,0.15757210552692413,0.96875
1140,2.0,140.0,499.6875,0.1883487105369568,0.96875
1141,2.0,141.0,499.6875,0.14931760728359222,0.96875
1142,2.0,142.0,499.6875,0.05799803137779236,0.96875
1143,2.0,143.0,499.6875,0.013244986534118652,1.0
1144,2.0,144.0,499.6875,0.022955119609832764,1.0
1145,2.0,145.0,499.6875,0.008222445845603943,1.0
1146,2.0,146.0,499.6875,0.021139204502105713,1.0
1147,2.0,147.0,499.6875,0.12539233267307281,0.9375
1148,2.0,148.0,499.6875,0.1987752914428711,0.9375
1149,2.0,149.0,499.6875,0.020700782537460327,1.0
1150,2.0,150.0,499.6875,0.041763514280319214,0.96875
1151,2.0,151.0,499.6875,0.17359136044979095,0.96875
1152,2.0,152.0,499.6875,0.1330164670944214,0.96875
1153,2.0,153.0,499.6875,0.0639721155166626,0.96875
1154,2.0,154.0,499.6875,0.06478714942932129,0.96875
1155,2.0,155.0,499.6875,0.12880563735961914,0.96875
1156,2.0,156.0,499.6875,0.05657486617565155,0.96875
1157,2.0,157.0,499.6875,0.06346796452999115,0.96875
1158,2.0,158.0,499.6875,0.012052357196807861,1.0
1159,2.0,159.0,499.6875,0.0446598082780838,1.0
1160,2.0,160.0,499.6875,0.025781840085983276,1.0
1161,2.0,161.0,499.6875,0.019010543823242188,1.0
1162,2.0,162.0,499.6875,0.024715512990951538,1.0
1163,2.0,163.0,499.6875,0.009802564978599548,1.0
1164,2.0,164.0,499.6875,0.14014238119125366,0.9375
1165,2.0,165.0,499.6875,0.13859248161315918,0.9375
1166,2.0,166.0,499.6875,0.147614985704422,0.9375
1167,2.0,167.0,499.6875,0.12880925834178925,0.96875
1168,2.0,168.0,499.6875,0.02760946750640869,1.0
1169,2.0,169.0,499.6875,0.027674958109855652,1.0
1170,2.0,170.0,499.6875,0.010159596800804138,1.0
1171,2.0,171.0,499.6875,0.01039859652519226,1.0
1172,2.0,172.0,499.6875,0.07236597687005997,0.96875
1173,2.0,173.0,499.6875,0.07933834940195084,0.96875
1174,2.0,174.0,499.6875,0.06345325708389282,0.96875
1175,2.0,175.0,499.6875,0.020365387201309204,1.0
1176,2.0,176.0,499.6875,0.030109718441963196,1.0
1177,2.0,177.0,499.6875,0.16126702725887299,0.96875
1178,2.0,178.0,499.6875,0.00641101598739624,1.0
1179,2.0,179.0,499.6875,0.03170004487037659,1.0
1180,2.0,180.0,499.6875,0.005608916282653809,1.0
1181,2.0,181.0,499.6875,0.021555736660957336,1.0
1182,2.0,182.0,499.6875,0.03189420700073242,0.96875
1183,2.0,183.0,499.6875,0.17053551971912384,0.96875
1184,2.0,184.0,499.6875,0.018588438630104065,1.0
1185,2.0,185.0,499.6875,0.15019491314888,0.96875
1186,2.0,186.0,499.6875,0.02523721754550934,1.0
1187,2.0,187.0,499.6875,0.11220797151327133,0.96875
1188,2.0,188.0,499.6875,0.2565729022026062,0.9375
1189,2.0,189.0,499.6875,0.011762723326683044,1.0
1190,2.0,190.0,499.6875,0.09218718856573105,0.96875
1191,2.0,191.0,499.6875,0.01847979426383972,1.0
1192,2.0,192.0,499.6875,0.013927474617958069,1.0
1193,2.0,193.0,499.6875,0.020656466484069824,1.0
1194,2.0,194.0,499.6875,0.002790004014968872,1.0
1195,2.0,195.0,499.6875,0.02617610991001129,1.0
1196,2.0,196.0,499.6875,0.009440645575523376,1.0
1197,2.0,197.0,499.6875,0.026653841137886047,1.0
1198,2.0,198.0,499.6875,0.0821184366941452,0.96875
1199,2.0,199.0,499.6875,0.11431577056646347,0.96875
1200,2.0,200.0,499.6875,0.27444401383399963,0.90625
1201,2.0,201.0,499.6875,0.051005199551582336,0.96875
1202,2.0,202.0,499.6875,0.17107802629470825,0.9375
1203,2.0,203.0,499.6875,0.020923763513565063,1.0
1204,2.0,204.0,499.6875,0.0282537043094635,1.0
1205,2.0,205.0,499.6875,0.09624866396188736,0.96875
1206,2.0,206.0,499.6875,0.007271274924278259,1.0
1207,2.0,207.0,499.6875,0.04246450215578079,0.96875
1208,2.0,208.0,499.6875,0.01915659010410309,1.0
1209,2.0,209.0,499.6875,0.10221811383962631,0.96875
1210,2.0,210.0,499.6875,0.12317356467247009,0.96875
1211,2.0,211.0,499.6875,0.22791236639022827,0.9375
1212,2.0,212.0,499.6875,0.2655786871910095,0.9375
1213,2.0,213.0,499.6875,0.25510483980178833,0.90625
1214,2.0,214.0,499.6875,0.2990952730178833,0.9375
1215,2.0,215.0,499.6875,0.09657613933086395,0.96875
1216,2.0,216.0,499.6875,0.04684080928564072,1.0
1217,2.0,217.0,499.6875,0.0194777250289917,1.0
1218,2.0,218.0,499.6875,0.01190386712551117,1.0
1219,2.0,219.0,499.6875,0.3589925467967987,0.875
1220,2.0,220.0,499.6875,0.014898896217346191,1.0
1221,2.0,221.0,499.6875,0.040956489741802216,1.0
1222,2.0,222.0,499.6875,0.016666889190673828,1.0
1223,2.0,223.0,499.6875,0.08178221434354782,0.96875
1224,2.0,224.0,499.6875,0.09537068009376526,0.96875
1225,2.0,225.0,499.6875,0.016975656151771545,1.0
1226,2.0,226.0,499.6875,0.021581441164016724,1.0
1227,2.0,227.0,499.6875,0.021401286125183105,1.0
1228,2.0,228.0,499.6875,0.21763065457344055,0.9375
1229,2.0,229.0,499.6875,0.0051985085010528564,1.0
1230,2.0,230.0,499.6875,0.02253854274749756,1.0
1231,2.0,231.0,499.6875,0.06295663118362427,0.96875
1232,2.0,232.0,499.6875,0.02680017054080963,1.0
1233,2.0,233.0,499.6875,0.13212554156780243,0.9375
1234,2.0,234.0,499.6875,0.14419378340244293,0.9375
1235,2.0,235.0,499.6875,0.06772300601005554,0.96875
1236,2.0,236.0,499.6875,0.1866517812013626,0.9375
1237,2.0,237.0,499.6875,0.1383037120103836,0.96875
1238,2.0,238.0,499.6875,0.35514163970947266,0.90625
1239,2.0,239.0,499.6875,0.22079883515834808,0.9375
1240,2.0,240.0,499.6875,0.0607466995716095,0.96875
1241,2.0,241.0,499.6875,0.08337631076574326,0.96875
1242,2.0,242.0,499.6875,0.0873839259147644,0.96875
1243,2.0,243.0,499.6875,0.03357534110546112,1.0
1244,2.0,244.0,499.6875,0.02587375044822693,1.0
1245,2.0,245.0,499.6875,0.013956695795059204,1.0
1246,2.0,246.0,499.6875,0.15839143097400665,0.9375
1247,2.0,247.0,499.6875,0.25628846883773804,0.96875
1248,2.0,248.0,499.6875,0.02397790551185608,1.0
1249,2.0,249.0,499.6875,0.08751789480447769,0.96875
1250,2.0,250.0,499.6875,0.04445439577102661,1.0
1251,2.0,251.0,499.6875,0.03011210262775421,1.0
1252,2.0,252.0,499.6875,0.0229455828666687,1.0
1253,2.0,253.0,499.6875,0.1140131801366806,0.96875
1254,2.0,254.0,499.6875,0.08090890198945999,1.0
1255,2.0,255.0,499.6875,0.01651647686958313,1.0
1256,2.0,256.0,499.6875,0.15586456656455994,0.9375
1257,2.0,257.0,499.6875,0.0459059402346611,1.0
1258,2.0,258.0,499.6875,0.13327354192733765,0.96875
1259,2.0,259.0,499.6875,0.007150590419769287,1.0
1260,2.0,260.0,499.6875,0.029299482703208923,1.0
1261,2.0,261.0,499.6875,0.09696190804243088,0.96875
1262,2.0,262.0,499.6875,0.08881582319736481,1.0
1263,2.0,263.0,499.6875,0.07160130143165588,0.96875
1264,2.0,264.0,499.6875,0.19879181683063507,0.96875
1265,2.0,265.0,499.6875,0.11980535835027695,0.96875
1266,2.0,266.0,499.6875,0.07948287576436996,0.96875
1267,2.0,267.0,499.6875,0.07182883471250534,1.0
1268,2.0,268.0,499.6875,0.08726795017719269,0.96875
1269,2.0,269.0,499.6875,0.08276207745075226,0.96875
1270,2.0,270.0,499.6875,0.03653590381145477,0.96875
1271,2.0,271.0,499.6875,0.018230095505714417,1.0
1272,2.0,272.0,499.6875,0.019990205764770508,1.0
1273,2.0,273.0,499.6875,0.028819173574447632,1.0
1274,2.0,274.0,499.6875,0.03904558718204498,0.96875
1275,2.0,275.0,499.6875,0.02954329550266266,1.0
1276,2.0,276.0,499.6875,0.0058197081089019775,1.0
1277,2.0,277.0,499.6875,0.0215589702129364,1.0
1278,2.0,278.0,499.6875,0.0032819509506225586,1.0
1279,2.0,279.0,499.6875,0.02931903302669525,1.0
1280,2.0,280.0,499.6875,0.14178690314292908,0.96875
1281,2.0,281.0,499.6875,0.1717776656150818,0.9375
1282,2.0,282.0,499.6875,0.0802227109670639,0.9375
1283,2.0,283.0,499.6875,0.06244385987520218,1.0
1284,2.0,284.0,499.6875,0.04068565368652344,1.0
1285,2.0,285.0,499.6875,0.23324830830097198,0.9375
1286,2.0,286.0,499.6875,0.059945911169052124,0.96875
1287,2.0,287.0,499.6875,0.014882728457450867,1.0
1288,2.0,288.0,499.6875,0.022916138172149658,1.0
1289,2.0,289.0,499.6875,0.038221150636672974,1.0
1290,2.0,290.0,499.6875,0.011408910155296326,1.0
1291,2.0,291.0,499.6875,0.006495818495750427,1.0
1292,2.0,292.0,499.6875,0.017788425087928772,1.0
1293,2.0,293.0,499.6875,0.03733685612678528,0.96875
1294,2.0,294.0,499.6875,0.2054123878479004,0.96875
1295,2.0,295.0,499.6875,0.07342171669006348,0.96875
1296,2.0,296.0,499.6875,0.005311653017997742,1.0
1297,2.0,297.0,499.6875,0.05391792953014374,1.0
1298,2.0,298.0,499.6875,0.018214911222457886,1.0
1299,2.0,299.0,499.6875,0.14307279884815216,0.96875
1300,2.0,300.0,499.6875,0.018435761332511902,1.0
1301,2.0,301.0,499.6875,0.06435533612966537,0.96875
1302,2.0,302.0,499.6875,0.014580011367797852,1.0
1303,2.0,303.0,499.6875,0.23631078004837036,0.96875
1304,2.0,304.0,499.6875,0.2676350474357605,0.9375
1305,2.0,305.0,499.6875,0.20163558423519135,0.9375
1306,2.0,306.0,499.6875,0.02430187165737152,1.0
1307,2.0,307.0,499.6875,0.016251519322395325,1.0
1308,2.0,308.0,499.6875,0.024621307849884033,1.0
1309,2.0,309.0,499.6875,0.3392474055290222,0.96875
1310,2.0,310.0,499.6875,0.01167646050453186,1.0
1311,2.0,311.0,499.6875,0.011738494038581848,1.0
1312,2.0,312.0,499.6875,0.05389249324798584,0.96875
1313,2.0,313.0,499.6875,0.015109419822692871,1.0
1314,2.0,314.0,499.6875,0.08156218379735947,0.96875
1315,2.0,315.0,499.6875,0.12769709527492523,0.96875
1316,2.0,316.0,499.6875,0.14273163676261902,0.96875
1317,2.0,317.0,499.6875,0.0030028074979782104,1.0
1318,2.0,318.0,499.6875,0.18651306629180908,0.96875
1319,2.0,319.0,499.6875,0.06730067729949951,0.96875
1320,2.0,320.0,499.6875,0.009623035788536072,1.0
1321,2.0,321.0,499.6875,0.008326634764671326,1.0
1322,2.0,322.0,499.6875,0.09926586598157883,0.96875
1323,2.0,323.0,499.6875,0.13832712173461914,0.9375
1324,2.0,324.0,499.6875,0.07334661483764648,0.96875
1325,2.0,325.0,499.6875,0.021039828658103943,1.0
1326,2.0,326.0,499.6875,0.05659666657447815,1.0
1327,2.0,327.0,499.6875,0.1273258626461029,0.9375
1328,2.0,328.0,499.6875,0.21196766197681427,0.9375
1329,2.0,329.0,499.6875,0.005202963948249817,1.0
1330,2.0,330.0,499.6875,0.026418626308441162,1.0
1331,2.0,331.0,499.6875,0.01101018488407135,1.0
1332,2.0,332.0,499.6875,0.01316128671169281,1.0
1333,2.0,333.0,499.6875,0.0394628643989563,1.0
1334,2.0,334.0,499.6875,0.1185058131814003,0.96875
1335,2.0,335.0,499.6875,0.08750706911087036,0.96875
1336,2.0,336.0,499.6875,0.023155227303504944,1.0
1337,2.0,337.0,499.6875,0.007815584540367126,1.0
1338,2.0,338.0,499.6875,0.03270404040813446,1.0
1339,2.0,339.0,499.6875,0.26295721530914307,0.90625
1340,2.0,340.0,499.6875,0.08300857245922089,0.96875
1341,2.0,341.0,499.6875,0.03516627848148346,1.0
1342,2.0,342.0,499.6875,0.014274954795837402,1.0
1343,2.0,343.0,499.6875,0.09500650316476822,0.96875
1344,2.0,344.0,499.6875,0.12676788866519928,0.9375
1345,2.0,345.0,499.6875,0.0058959126472473145,1.0
1346,2.0,346.0,499.6875,0.10420657694339752,0.96875
1347,2.0,347.0,499.6875,0.012842252850532532,1.0
1348,2.0,348.0,499.6875,0.041636645793914795,1.0
1349,2.0,349.0,499.6875,0.029387518763542175,1.0
1350,2.0,350.0,499.6875,0.07706177234649658,0.96875
1351,2.0,351.0,499.6875,0.20948369801044464,0.9375
1352,2.0,352.0,499.6875,0.013891458511352539,1.0
1353,2.0,353.0,499.6875,0.05168658494949341,1.0
1354,2.0,354.0,499.6875,0.08440344035625458,0.9375
1355,2.0,355.0,499.6875,0.0947842076420784,0.96875
1356,2.0,356.0,499.6875,0.1362869292497635,0.96875
1357,2.0,357.0,499.6875,0.022477760910987854,1.0
1358,2.0,358.0,499.6875,0.035146743059158325,0.96875
1359,2.0,359.0,499.6875,0.015254959464073181,1.0
1360,2.0,360.0,499.6875,0.07495693117380142,0.96875
1361,2.0,361.0,499.6875,0.007492974400520325,1.0
1362,2.0,362.0,499.6875,0.015088871121406555,1.0
1363,2.0,363.0,499.6875,0.010830536484718323,1.0
1364,2.0,364.0,499.6875,0.02567829191684723,1.0
1365,2.0,365.0,499.6875,0.07408571243286133,0.96875
1366,2.0,366.0,499.6875,0.08470785617828369,0.96875
1367,2.0,367.0,499.6875,0.048102639615535736,1.0
1368,2.0,368.0,499.6875,0.06954500824213028,0.96875
1369,2.0,369.0,499.6875,0.1678624451160431,0.9375
1370,2.0,370.0,499.6875,0.017435580492019653,1.0
1371,2.0,371.0,499.6875,0.05371718108654022,0.96875
1372,2.0,372.0,499.6875,0.014687925577163696,1.0
1373,2.0,373.0,499.6875,0.0849681869149208,0.9375
1374,2.0,374.0,499.6875,0.09588052332401276,0.9375
1375,2.0,375.0,499.6875,0.017620012164115906,1.0
1376,2.0,376.0,499.6875,0.21892297267913818,0.9375
1377,2.0,377.0,499.6875,0.055163778364658356,0.96875
1378,2.0,378.0,499.6875,0.007921487092971802,1.0
1379,2.0,379.0,499.6875,0.03169156610965729,1.0
1380,2.0,380.0,499.6875,0.07544303685426712,0.9375
1381,2.0,381.0,499.6875,0.06111881881952286,0.96875
1382,2.0,382.0,499.6875,0.06423179805278778,0.96875
1383,2.0,383.0,499.6875,0.00423094630241394,1.0
1384,2.0,384.0,499.6875,0.07414792478084564,0.9375
1385,2.0,385.0,499.6875,0.025195464491844177,1.0
1386,2.0,386.0,499.6875,0.01017637550830841,1.0
1387,2.0,387.0,499.6875,0.05972336232662201,0.96875
1388,2.0,388.0,499.6875,0.14637215435504913,0.96875
1389,2.0,389.0,499.6875,0.06313677132129669,0.96875
1390,2.0,390.0,499.6875,0.06259118020534515,0.96875
1391,2.0,391.0,499.6875,0.07095451653003693,1.0
1392,2.0,392.0,499.6875,0.00800161063671112,1.0
1393,2.0,393.0,499.6875,0.012111067771911621,1.0
1394,2.0,394.0,499.6875,0.18028303980827332,0.96875
1395,2.0,395.0,499.6875,0.19358979165554047,0.96875
1396,2.0,396.0,499.6875,0.1869187355041504,0.96875
1397,2.0,397.0,499.6875,0.007275834679603577,1.0
1398,2.0,398.0,499.6875,0.12130209803581238,0.9375
1399,2.0,399.0,499.6875,0.04708889126777649,1.0
1400,2.0,400.0,499.6875,0.13244521617889404,0.96875
1401,2.0,401.0,499.6875,0.05348968505859375,1.0
1402,2.0,402.0,499.6875,0.01020754873752594,1.0
1403,2.0,403.0,499.6875,0.0615735799074173,0.96875
1404,2.0,404.0,499.6875,0.002821311354637146,1.0
1405,2.0,405.0,499.6875,0.08867378532886505,0.96875
1406,2.0,406.0,499.6875,0.025297358632087708,1.0
1407,2.0,407.0,499.6875,0.19583091139793396,0.9375
1408,2.0,408.0,499.6875,0.2083352953195572,0.9375
1409,2.0,409.0,499.6875,0.20264829695224762,0.96875
1410,2.0,410.0,499.6875,0.32291191816329956,0.875
1411,2.0,411.0,499.6875,0.18560214340686798,0.96875
1412,2.0,412.0,499.6875,0.012716740369796753,1.0
1413,2.0,413.0,499.6875,0.016328513622283936,1.0
1414,2.0,414.0,499.6875,0.025037378072738647,1.0
1415,2.0,415.0,499.6875,0.2118258774280548,0.96875
1416,2.0,416.0,499.6875,0.2197069525718689,0.96875
1417,2.0,417.0,499.6875,0.011820957064628601,1.0
1418,2.0,418.0,499.6875,0.1700720489025116,0.9375
1419,2.0,419.0,499.6875,0.026097372174263,1.0
1420,2.0,420.0,499.6875,0.09523329138755798,0.96875
1421,2.0,421.0,499.6875,0.23949578404426575,0.875
1422,2.0,422.0,499.6875,0.010695502161979675,1.0
1423,2.0,423.0,499.6875,0.01249954104423523,1.0
1424,2.0,424.0,499.6875,0.024511069059371948,1.0
1425,2.0,425.0,499.6875,0.2589947283267975,0.9375
1426,2.0,426.0,499.6875,0.581602156162262,0.90625
1427,2.0,427.0,499.6875,0.06218995153903961,0.96875
1428,2.0,428.0,499.6875,0.07541506737470627,1.0
1429,2.0,429.0,499.6875,0.09290362894535065,0.96875
1430,2.0,430.0,499.6875,0.03766465187072754,1.0
1431,2.0,431.0,499.6875,0.07739664614200592,0.96875
1432,2.0,432.0,499.6875,0.02097219228744507,1.0
1433,2.0,433.0,499.6875,0.12812602519989014,0.96875
1434,2.0,434.0,499.6875,0.0129757821559906,1.0
1435,2.0,435.0,499.6875,0.060861870646476746,0.96875
1436,2.0,436.0,499.6875,0.0584542453289032,0.96875
1437,2.0,437.0,499.6875,0.04486331343650818,0.96875
1438,2.0,438.0,499.6875,0.10021278262138367,0.96875
1439,2.0,439.0,499.6875,0.036233142018318176,0.96875
1440,2.0,440.0,499.6875,0.01988177001476288,1.0
1441,2.0,441.0,499.6875,0.013904273509979248,1.0
1442,2.0,442.0,499.6875,0.14932997524738312,0.96875
1443,2.0,443.0,499.6875,0.005189955234527588,1.0
1444,2.0,444.0,499.6875,0.011648982763290405,1.0
1445,2.0,445.0,499.6875,0.010796189308166504,1.0
1446,2.0,446.0,499.6875,0.06263722479343414,0.96875
1447,2.0,447.0,499.6875,0.32929351925849915,0.9375
1448,2.0,448.0,499.6875,0.03405897319316864,1.0
1449,2.0,449.0,499.6875,0.05061234533786774,1.0
1450,2.0,450.0,499.6875,0.011456295847892761,1.0
1451,2.0,451.0,499.6875,0.025187700986862183,1.0
1452,2.0,452.0,499.6875,0.018848001956939697,1.0
1453,2.0,453.0,499.6875,0.12658177316188812,0.96875
1454,2.0,454.0,499.6875,0.019480109214782715,1.0
1455,2.0,455.0,499.6875,0.187702938914299,0.96875
1456,2.0,456.0,499.6875,0.0823189914226532,0.96875
1457,2.0,457.0,499.6875,0.008480057120323181,1.0
1458,2.0,458.0,499.6875,0.01678939163684845,1.0
1459,2.0,459.0,499.6875,0.029191046953201294,1.0
1460,2.0,460.0,499.6875,0.019627109169960022,1.0
1461,2.0,461.0,499.6875,0.04952748864889145,1.0
1462,2.0,462.0,499.6875,0.0098944753408432,1.0
1463,2.0,463.0,499.6875,0.03956903517246246,1.0
1464,2.0,464.0,499.6875,0.058733075857162476,0.96875
1465,2.0,465.0,499.6875,0.004653126001358032,1.0
1466,2.0,466.0,499.6875,0.18639416992664337,0.9375
1467,2.0,467.0,499.6875,0.05842404067516327,0.96875
1468,2.0,468.0,499.6875,0.0633678138256073,0.96875
1469,2.0,469.0,499.6875,0.019512340426445007,1.0
1470,2.0,470.0,499.6875,0.0730578750371933,0.96875
1471,2.0,471.0,499.6875,0.021143004298210144,1.0
1472,2.0,472.0,499.6875,0.12419014424085617,0.96875
1473,2.0,473.0,499.6875,0.014266923069953918,1.0
1474,2.0,474.0,499.6875,0.040776677429676056,1.0
1475,2.0,475.0,499.6875,0.014344245195388794,1.0
1476,2.0,476.0,499.6875,0.03546854853630066,1.0
1477,2.0,477.0,499.6875,0.023693904280662537,1.0
1478,2.0,478.0,499.6875,0.09438658505678177,0.96875
1479,2.0,479.0,499.6875,0.01726609468460083,1.0
1480,2.0,480.0,499.6875,0.01082773506641388,1.0
1481,2.0,481.0,499.6875,0.1641378551721573,0.96875
1482,2.0,482.0,499.6875,0.047639667987823486,0.96875
1483,2.0,483.0,499.6875,0.19860777258872986,0.9375
1484,2.0,484.0,499.6875,0.027262896299362183,1.0
1485,2.0,485.0,499.6875,0.006635844707489014,1.0
1486,2.0,486.0,499.6875,0.010070577263832092,1.0
1487,2.0,487.0,499.6875,0.05732931196689606,1.0
1488,2.0,488.0,499.6875,0.008962437510490417,1.0
1489,2.0,489.0,499.6875,0.005737826228141785,1.0
1490,2.0,490.0,499.6875,0.08285275101661682,0.96875
1491,2.0,491.0,499.6875,0.05316270887851715,1.0
1492,2.0,492.0,499.6875,0.48377344012260437,0.90625
1493,2.0,493.0,499.6875,0.30650198459625244,0.9375
1494,2.0,494.0,499.6875,0.040592536330223083,0.96875
1495,2.0,495.0,499.6875,0.15194368362426758,0.96875
1496,2.0,496.0,499.6875,0.07360340654850006,0.96875
1497,2.0,497.0,499.6875,0.14356383681297302,0.96875
1498,2.0,498.0,499.6875,0.07610203325748444,0.96875
1499,2.0,499.0,499.6875,0.11971033364534378,0.65625
1500,3.0,0.0,499.6875,0.013070166110992432,1.0
1501,3.0,1.0,499.6875,0.016665160655975342,1.0
1502,3.0,2.0,499.6875,0.18872490525245667,0.90625
1503,3.0,3.0,499.6875,0.005672276020050049,1.0
1504,3.0,4.0,499.6875,0.07746560871601105,0.9375
1505,3.0,5.0,499.6875,0.007752537727355957,1.0
1506,3.0,6.0,499.6875,0.09034067392349243,0.96875
1507,3.0,7.0,499.6875,0.07106663286685944,0.96875
1508,3.0,8.0,499.6875,0.21277643740177155,0.9375
1509,3.0,9.0,499.6875,0.17058949172496796,0.96875
1510,3.0,10.0,499.6875,0.05359077453613281,0.96875
1511,3.0,11.0,499.6875,0.06708285957574844,0.96875
1512,3.0,12.0,499.6875,0.01300191879272461,1.0
1513,3.0,13.0,499.6875,0.07222624123096466,0.9375
1514,3.0,14.0,499.6875,0.03204809129238129,1.0
1515,3.0,15.0,499.6875,0.10902012884616852,0.9375
1516,3.0,16.0,499.6875,0.028801649808883667,1.0
1517,3.0,17.0,499.6875,0.05019788444042206,0.96875
1518,3.0,18.0,499.6875,0.1587032526731491,0.96875
1519,3.0,19.0,499.6875,0.008956000208854675,1.0
1520,3.0,20.0,499.6875,0.005513474345207214,1.0
1521,3.0,21.0,499.6875,0.04743718355894089,0.96875
1522,3.0,22.0,499.6875,0.030030742287635803,0.96875
1523,3.0,23.0,499.6875,0.04704888164997101,0.96875
1524,3.0,24.0,499.6875,0.03978931903839111,1.0
1525,3.0,25.0,499.6875,0.025295212864875793,1.0
1526,3.0,26.0,499.6875,0.16701097786426544,0.90625
1527,3.0,27.0,499.6875,0.029084190726280212,1.0
1528,3.0,28.0,499.6875,0.04433991014957428,0.96875
1529,3.0,29.0,499.6875,0.06610127538442612,0.96875
1530,3.0,30.0,499.6875,0.06521564722061157,1.0
1531,3.0,31.0,499.6875,0.04965394735336304,0.96875
1532,3.0,32.0,499.6875,0.011502444744110107,1.0
1533,3.0,33.0,499.6875,0.01155748963356018,1.0
1534,3.0,34.0,499.6875,0.0149984210729599,1.0
1535,3.0,35.0,499.6875,0.020786866545677185,1.0
1536,3.0,36.0,499.6875,0.00308343768119812,1.0
1537,3.0,37.0,499.6875,0.121863454580307,0.96875
1538,3.0,38.0,499.6875,0.01124998927116394,1.0
1539,3.0,39.0,499.6875,0.010347351431846619,1.0
1540,3.0,40.0,499.6875,0.05944773554801941,0.96875
1541,3.0,41.0,499.6875,0.006248503923416138,1.0
1542,3.0,42.0,499.6875,0.0812588483095169,0.9375
1543,3.0,43.0,499.6875,0.024515867233276367,1.0
1544,3.0,44.0,499.6875,0.05488009750843048,0.96875
1545,3.0,45.0,499.6875,0.00511990487575531,1.0
1546,3.0,46.0,499.6875,0.028995200991630554,1.0
1547,3.0,47.0,499.6875,0.012468844652175903,1.0
1548,3.0,48.0,499.6875,0.0120602548122406,1.0
1549,3.0,49.0,499.6875,0.04108969122171402,1.0
1550,3.0,50.0,499.6875,0.006056159734725952,1.0
1551,3.0,51.0,499.6875,0.20557907223701477,0.96875
1552,3.0,52.0,499.6875,0.08260829001665115,0.96875
1553,3.0,53.0,499.6875,0.2436952143907547,0.9375
1554,3.0,54.0,499.6875,0.2738358676433563,0.9375
1555,3.0,55.0,499.6875,0.019415274262428284,1.0
1556,3.0,56.0,499.6875,0.10340996831655502,0.96875
1557,3.0,57.0,499.6875,0.02148309350013733,1.0
1558,3.0,58.0,499.6875,0.004547476768493652,1.0
1559,3.0,59.0,499.6875,0.0131293386220932,1.0
1560,3.0,60.0,499.6875,0.03413301706314087,0.96875
1561,3.0,61.0,499.6875,0.07779975235462189,0.96875
1562,3.0,62.0,499.6875,0.004723995923995972,1.0
1563,3.0,63.0,499.6875,0.005590066313743591,1.0
1564,3.0,64.0,499.6875,0.01593586802482605,1.0
1565,3.0,65.0,499.6875,0.01986919343471527,1.0
1566,3.0,66.0,499.6875,0.02269849181175232,1.0
1567,3.0,67.0,499.6875,0.11482740938663483,0.96875
1568,3.0,68.0,499.6875,0.09813602268695831,0.96875
1569,3.0,69.0,499.6875,0.04171110689640045,0.96875
1570,3.0,70.0,499.6875,0.009781107306480408,1.0
1571,3.0,71.0,499.6875,0.008750051259994507,1.0
1572,3.0,72.0,499.6875,0.04049709439277649,0.96875
1573,3.0,73.0,499.6875,0.01782350242137909,1.0
1574,3.0,74.0,499.6875,0.2276512086391449,0.96875
1575,3.0,75.0,499.6875,0.06421856582164764,0.96875
1576,3.0,76.0,499.6875,0.030797556042671204,1.0
1577,3.0,77.0,499.6875,0.03479619324207306,1.0
1578,3.0,78.0,499.6875,0.0272035151720047,1.0
1579,3.0,79.0,499.6875,0.1028374508023262,0.9375
1580,3.0,80.0,499.6875,0.03704836964607239,1.0
1581,3.0,81.0,499.6875,0.014849156141281128,1.0
1582,3.0,82.0,499.6875,0.0038394033908843994,1.0
1583,3.0,83.0,499.6875,0.019145354628562927,1.0
1584,3.0,84.0,499.6875,0.18708573281764984,0.96875
1585,3.0,85.0,499.6875,0.09772951900959015,0.9375
1586,3.0,86.0,499.6875,0.014291644096374512,1.0
1587,3.0,87.0,499.6875,0.1357925683259964,0.9375
1588,3.0,88.0,499.6875,0.05286774784326553,1.0
1589,3.0,89.0,499.6875,0.08369340002536774,0.96875
1590,3.0,90.0,499.6875,0.11455485224723816,0.9375
1591,3.0,91.0,499.6875,0.01706315577030182,1.0
1592,3.0,92.0,499.6875,0.01614600419998169,1.0
1593,3.0,93.0,499.6875,0.006794869899749756,1.0
1594,3.0,94.0,499.6875,0.013820186257362366,1.0
1595,3.0,95.0,499.6875,0.017879784107208252,1.0
1596,3.0,96.0,499.6875,0.006973385810852051,1.0
1597,3.0,97.0,499.6875,0.01455552875995636,1.0
1598,3.0,98.0,499.6875,0.03890426456928253,1.0
1599,3.0,99.0,499.6875,0.005677938461303711,1.0
1600,3.0,100.0,499.6875,0.01927866041660309,1.0
1601,3.0,101.0,499.6875,0.01592731475830078,1.0
1602,3.0,102.0,499.6875,0.26227062940597534,0.96875
1603,3.0,103.0,499.6875,0.01688563823699951,1.0
1604,3.0,104.0,499.6875,0.01077444851398468,1.0
1605,3.0,105.0,499.6875,0.0028180480003356934,1.0
1606,3.0,106.0,499.6875,0.07912959158420563,0.96875
1607,3.0,107.0,499.6875,0.08908446878194809,0.9375
1608,3.0,108.0,499.6875,0.05924020707607269,0.96875
1609,3.0,109.0,499.6875,0.01838737726211548,1.0
1610,3.0,110.0,499.6875,0.08255860209465027,0.96875
1611,3.0,111.0,499.6875,0.017699673771858215,1.0
1612,3.0,112.0,499.6875,0.09640732407569885,0.96875
1613,3.0,113.0,499.6875,0.18489857017993927,0.96875
1614,3.0,114.0,499.6875,0.13095995783805847,0.96875
1615,3.0,115.0,499.6875,0.005222246050834656,1.0
1616,3.0,116.0,499.6875,0.01709294319152832,1.0
1617,3.0,117.0,499.6875,0.02767738699913025,1.0
1618,3.0,118.0,499.6875,0.0665343701839447,0.96875
1619,3.0,119.0,499.6875,0.02861199527978897,1.0
1620,3.0,120.0,499.6875,0.08340077102184296,0.96875
1621,3.0,121.0,499.6875,0.004236817359924316,1.0
1622,3.0,122.0,499.6875,0.0053307414054870605,1.0
1623,3.0,123.0,499.6875,0.02839019149541855,1.0
1624,3.0,124.0,499.6875,0.008199766278266907,1.0
1625,3.0,125.0,499.6875,0.010894834995269775,1.0
1626,3.0,126.0,499.6875,0.2295619249343872,0.9375
1627,3.0,127.0,499.6875,0.0923079401254654,0.96875
1628,3.0,128.0,499.6875,0.015226826071739197,1.0
1629,3.0,129.0,499.6875,0.029842570424079895,1.0
1630,3.0,130.0,499.6875,0.07600106298923492,0.96875
1631,3.0,131.0,499.6875,0.003467082977294922,1.0
1632,3.0,132.0,499.6875,0.04558158665895462,1.0
1633,3.0,133.0,499.6875,0.009017139673233032,1.0
1634,3.0,134.0,499.6875,0.2567214369773865,0.9375
1635,3.0,135.0,499.6875,0.020459190011024475,1.0
1636,3.0,136.0,499.6875,0.007382944226264954,1.0
1637,3.0,137.0,499.6875,0.0722838044166565,0.96875
1638,3.0,138.0,499.6875,0.03145316243171692,1.0
1639,3.0,139.0,499.6875,0.10729338228702545,0.96875
1640,3.0,140.0,499.6875,0.00993223488330841,1.0
1641,3.0,141.0,499.6875,0.17480012774467468,0.96875
1642,3.0,142.0,499.6875,0.1347568780183792,0.96875
1643,3.0,143.0,499.6875,0.01328057050704956,1.0
1644,3.0,144.0,499.6875,0.01694759726524353,1.0
1645,3.0,145.0,499.6875,0.05236007273197174,1.0
1646,3.0,146.0,499.6875,0.16685137152671814,0.96875
1647,3.0,147.0,499.6875,0.0259181410074234,1.0
1648,3.0,148.0,499.6875,0.0057537853717803955,1.0
1649,3.0,149.0,499.6875,0.18014967441558838,0.90625
1650,3.0,150.0,499.6875,0.015692532062530518,1.0
1651,3.0,151.0,499.6875,0.13444586098194122,0.9375
1652,3.0,152.0,499.6875,0.006402745842933655,1.0
1653,3.0,153.0,499.6875,0.038213975727558136,0.96875
1654,3.0,154.0,499.6875,0.01387593150138855,1.0
1655,3.0,155.0,499.6875,0.004924789071083069,1.0
1656,3.0,156.0,499.6875,0.017348751425743103,1.0
1657,3.0,157.0,499.6875,0.022251024842262268,1.0
1658,3.0,158.0,499.6875,0.05590146780014038,0.96875
1659,3.0,159.0,499.6875,0.015104979276657104,1.0
1660,3.0,160.0,499.6875,0.003230080008506775,1.0
1661,3.0,161.0,499.6875,0.03494781255722046,1.0
1662,3.0,162.0,499.6875,0.019123241305351257,1.0
1663,3.0,163.0,499.6875,0.0587509423494339,0.96875
1664,3.0,164.0,499.6875,0.05129534751176834,1.0
1665,3.0,165.0,499.6875,0.05013711750507355,0.96875
1666,3.0,166.0,499.6875,0.019106969237327576,1.0
1667,3.0,167.0,499.6875,0.17824414372444153,0.96875
1668,3.0,168.0,499.6875,0.035505250096321106,1.0
1669,3.0,169.0,499.6875,0.019155099987983704,1.0
1670,3.0,170.0,499.6875,0.010625272989273071,1.0
1671,3.0,171.0,499.6875,0.027179941534996033,1.0
1672,3.0,172.0,499.6875,0.007127165794372559,1.0
1673,3.0,173.0,499.6875,0.05444009602069855,0.96875
1674,3.0,174.0,499.6875,0.053803205490112305,0.96875
1675,3.0,175.0,499.6875,0.042091578245162964,0.96875
1676,3.0,176.0,499.6875,0.04459099471569061,0.96875
1677,3.0,177.0,499.6875,0.025565922260284424,1.0
1678,3.0,178.0,499.6875,0.011237427592277527,1.0
1679,3.0,179.0,499.6875,0.08177787065505981,0.96875
1680,3.0,180.0,499.6875,0.038001760840415955,1.0
1681,3.0,181.0,499.6875,0.15772248804569244,0.9375
1682,3.0,182.0,499.6875,0.023510083556175232,1.0
1683,3.0,183.0,499.6875,0.008661583065986633,1.0
1684,3.0,184.0,499.6875,0.03991657495498657,1.0
1685,3.0,185.0,499.6875,0.009945094585418701,1.0
1686,3.0,186.0,499.6875,0.18679195642471313,0.96875
1687,3.0,187.0,499.6875,0.008085370063781738,1.0
1688,3.0,188.0,499.6875,0.018226206302642822,1.0
1689,3.0,189.0,499.6875,0.23339498043060303,0.96875
1690,3.0,190.0,499.6875,0.02720215916633606,1.0
1691,3.0,191.0,499.6875,0.26321205496788025,0.875
1692,3.0,192.0,499.6875,0.11877117305994034,0.96875
1693,3.0,193.0,499.6875,0.010933220386505127,1.0
1694,3.0,194.0,499.6875,0.03435610234737396,1.0
1695,3.0,195.0,499.6875,0.04000216722488403,1.0
1696,3.0,196.0,499.6875,0.01330748200416565,1.0
1697,3.0,197.0,499.6875,0.030291974544525146,1.0
1698,3.0,198.0,499.6875,0.11779698729515076,0.96875
1699,3.0,199.0,499.6875,0.028753161430358887,1.0
1700,3.0,200.0,499.6875,0.17711450159549713,0.96875
1701,3.0,201.0,499.6875,0.10126960277557373,0.96875
1702,3.0,202.0,499.6875,0.11112302541732788,0.96875
1703,3.0,203.0,499.6875,0.005462378263473511,1.0
1704,3.0,204.0,499.6875,0.07263412326574326,0.96875
1705,3.0,205.0,499.6875,0.18136316537857056,0.96875
1706,3.0,206.0,499.6875,0.012141317129135132,1.0
1707,3.0,207.0,499.6875,0.03929562866687775,1.0
1708,3.0,208.0,499.6875,0.07452109456062317,0.96875
1709,3.0,209.0,499.6875,0.05258820205926895,1.0
1710,3.0,210.0,499.6875,0.04888579249382019,1.0
1711,3.0,211.0,499.6875,0.024900250136852264,1.0
1712,3.0,212.0,499.6875,0.01875413954257965,1.0
1713,3.0,213.0,499.6875,0.006231233477592468,1.0
1714,3.0,214.0,499.6875,0.011148884892463684,1.0
1715,3.0,215.0,499.6875,0.009638965129852295,1.0
1716,3.0,216.0,499.6875,0.1345164179801941,0.90625
1717,3.0,217.0,499.6875,0.010287269949913025,1.0
1718,3.0,218.0,499.6875,0.3140696883201599,0.96875
1719,3.0,219.0,499.6875,0.007944077253341675,1.0
1720,3.0,220.0,499.6875,0.03593222796916962,1.0
1721,3.0,221.0,499.6875,0.11589004099369049,0.9375
1722,3.0,222.0,499.6875,0.01916089653968811,1.0
1723,3.0,223.0,499.6875,0.016592398285865784,1.0
1724,3.0,224.0,499.6875,0.19176380336284637,0.96875
1725,3.0,225.0,499.6875,0.013175934553146362,1.0
1726,3.0,226.0,499.6875,0.02337990701198578,1.0
1727,3.0,227.0,499.6875,0.014942258596420288,1.0
1728,3.0,228.0,499.6875,0.03256767988204956,1.0
1729,3.0,229.0,499.6875,0.06651073694229126,1.0
1730,3.0,230.0,499.6875,0.21605651080608368,0.96875
1731,3.0,231.0,499.6875,0.02040693163871765,1.0
1732,3.0,232.0,499.6875,0.005903333425521851,1.0
1733,3.0,233.0,499.6875,0.007073134183883667,1.0
1734,3.0,234.0,499.6875,0.015139654278755188,1.0
1735,3.0,235.0,499.6875,0.06123808026313782,0.96875
1736,3.0,236.0,499.6875,0.015127986669540405,1.0
1737,3.0,237.0,499.6875,0.014822691679000854,1.0
1738,3.0,238.0,499.6875,0.3353325128555298,0.96875
1739,3.0,239.0,499.6875,0.017305225133895874,1.0
1740,3.0,240.0,499.6875,0.021918505430221558,1.0
1741,3.0,241.0,499.6875,0.049216002225875854,0.96875
1742,3.0,242.0,499.6875,0.011349767446517944,1.0
1743,3.0,243.0,499.6875,0.12082105875015259,0.96875
1744,3.0,244.0,499.6875,0.11214429885149002,0.96875
1745,3.0,245.0,499.6875,0.026329264044761658,1.0
1746,3.0,246.0,499.6875,0.08540470898151398,0.96875
1747,3.0,247.0,499.6875,0.00473332405090332,1.0
1748,3.0,248.0,499.6875,0.11388210952281952,0.9375
1749,3.0,249.0,499.6875,0.04435546696186066,0.96875
1750,3.0,250.0,499.6875,0.03057686984539032,1.0
1751,3.0,251.0,499.6875,0.04325208067893982,0.96875
1752,3.0,252.0,499.6875,0.15709136426448822,0.9375
1753,3.0,253.0,499.6875,0.009191304445266724,1.0
1754,3.0,254.0,499.6875,0.005401730537414551,1.0
1755,3.0,255.0,499.6875,0.005808651447296143,1.0
1756,3.0,256.0,499.6875,0.07054226100444794,0.96875
1757,3.0,257.0,499.6875,0.03407558798789978,1.0
1758,3.0,258.0,499.6875,0.006741061806678772,1.0
1759,3.0,259.0,499.6875,0.07129989564418793,0.96875
1760,3.0,260.0,499.6875,0.0062717050313949585,1.0
1761,3.0,261.0,499.6875,0.016642257571220398,1.0
1762,3.0,262.0,499.6875,0.10119076073169708,0.9375
1763,3.0,263.0,499.6875,0.013069838285446167,1.0
1764,3.0,264.0,499.6875,0.02140749990940094,1.0
1765,3.0,265.0,499.6875,0.003955379128456116,1.0
1766,3.0,266.0,499.6875,0.03164602816104889,1.0
1767,3.0,267.0,499.6875,0.018496572971343994,1.0
1768,3.0,268.0,499.6875,0.009536847472190857,1.0
1769,3.0,269.0,499.6875,0.04513200372457504,1.0
1770,3.0,270.0,499.6875,0.01239544153213501,1.0
1771,3.0,271.0,499.6875,0.004559695720672607,1.0
1772,3.0,272.0,499.6875,0.005093991756439209,1.0
1773,3.0,273.0,499.6875,0.032796382904052734,1.0
1774,3.0,274.0,499.6875,0.009993210434913635,1.0
1775,3.0,275.0,499.6875,0.019487619400024414,1.0
1776,3.0,276.0,499.6875,0.005921706557273865,1.0
1777,3.0,277.0,499.6875,0.10887216031551361,0.9375
1778,3.0,278.0,499.6875,0.019374147057533264,1.0
1779,3.0,279.0,499.6875,0.007232457399368286,1.0
1780,3.0,280.0,499.6875,0.11200937628746033,0.96875
1781,3.0,281.0,499.6875,0.054583534598350525,0.96875
1782,3.0,282.0,499.6875,0.01097138226032257,1.0
1783,3.0,283.0,499.6875,0.048616185784339905,0.96875
1784,3.0,284.0,499.6875,0.00731167197227478,1.0
1785,3.0,285.0,499.6875,0.2205180674791336,0.9375
1786,3.0,286.0,499.6875,0.07700713723897934,0.96875
1787,3.0,287.0,499.6875,0.09539912641048431,0.96875
1788,3.0,288.0,499.6875,0.013213828206062317,1.0
1789,3.0,289.0,499.6875,0.029373571276664734,0.96875
1790,3.0,290.0,499.6875,0.011214494705200195,1.0
1791,3.0,291.0,499.6875,0.03074207901954651,1.0
1792,3.0,292.0,499.6875,0.025457322597503662,1.0
1793,3.0,293.0,499.6875,0.0693654716014862,0.96875
1794,3.0,294.0,499.6875,0.00642414391040802,1.0
1795,3.0,295.0,499.6875,0.021142005920410156,1.0
1796,3.0,296.0,499.6875,0.033405110239982605,1.0
1797,3.0,297.0,499.6875,0.022344529628753662,1.0
1798,3.0,298.0,499.6875,0.10631383955478668,0.96875
1799,3.0,299.0,499.6875,0.010243326425552368,1.0
1800,3.0,300.0,499.6875,0.008677944540977478,1.0
1801,3.0,301.0,499.6875,0.016988560557365417,1.0
1802,3.0,302.0,499.6875,0.08794312179088593,0.96875
1803,3.0,303.0,499.6875,0.008160367608070374,1.0
1804,3.0,304.0,499.6875,0.011927679181098938,1.0
1805,3.0,305.0,499.6875,0.0029376596212387085,1.0
1806,3.0,306.0,499.6875,0.006187573075294495,1.0
1807,3.0,307.0,499.6875,0.09507939219474792,0.96875
1808,3.0,308.0,499.6875,0.150822713971138,0.9375
1809,3.0,309.0,499.6875,0.005686834454536438,1.0
1810,3.0,310.0,499.6875,0.014481395483016968,1.0
1811,3.0,311.0,499.6875,0.04755854606628418,0.96875
1812,3.0,312.0,499.6875,0.009486287832260132,1.0
1813,3.0,313.0,499.6875,0.26723024249076843,0.9375
1814,3.0,314.0,499.6875,0.08206171542406082,1.0
1815,3.0,315.0,499.6875,0.021265074610710144,1.0
1816,3.0,316.0,499.6875,0.026369795203208923,1.0
1817,3.0,317.0,499.6875,0.09175720810890198,0.96875
1818,3.0,318.0,499.6875,0.00814075767993927,1.0
1819,3.0,319.0,499.6875,0.08733844757080078,0.96875
1820,3.0,320.0,499.6875,0.02983863651752472,1.0
1821,3.0,321.0,499.6875,0.0047851502895355225,1.0
1822,3.0,322.0,499.6875,0.17374272644519806,0.9375
1823,3.0,323.0,499.6875,0.11081258952617645,0.96875
1824,3.0,324.0,499.6875,0.013882488012313843,1.0
1825,3.0,325.0,499.6875,0.001233220100402832,1.0
1826,3.0,326.0,499.6875,0.01293538510799408,1.0
1827,3.0,327.0,499.6875,0.03507968783378601,1.0
1828,3.0,328.0,499.6875,0.00433349609375,1.0
1829,3.0,329.0,499.6875,0.020397409796714783,1.0
1830,3.0,330.0,499.6875,0.04918275028467178,1.0
1831,3.0,331.0,499.6875,0.06719662249088287,0.96875
1832,3.0,332.0,499.6875,0.006467223167419434,1.0
1833,3.0,333.0,499.6875,0.002378135919570923,1.0
1834,3.0,334.0,499.6875,0.038896381855010986,1.0
1835,3.0,335.0,499.6875,0.012967139482498169,1.0
1836,3.0,336.0,499.6875,0.004694461822509766,1.0
1837,3.0,337.0,499.6875,0.2663559317588806,0.90625
1838,3.0,338.0,499.6875,0.03899386525154114,0.96875
1839,3.0,339.0,499.6875,0.04017256200313568,1.0
1840,3.0,340.0,499.6875,0.01694774627685547,1.0
1841,3.0,341.0,499.6875,0.022795066237449646,1.0
1842,3.0,342.0,499.6875,0.010825276374816895,1.0
1843,3.0,343.0,499.6875,0.062297143042087555,0.96875
1844,3.0,344.0,499.6875,0.018554911017417908,1.0
1845,3.0,345.0,499.6875,0.25185978412628174,0.9375
1846,3.0,346.0,499.6875,0.30079367756843567,0.9375
1847,3.0,347.0,499.6875,0.19428274035453796,0.96875
1848,3.0,348.0,499.6875,0.034967705607414246,1.0
1849,3.0,349.0,499.6875,0.007031738758087158,1.0
1850,3.0,350.0,499.6875,0.07306274026632309,0.96875
1851,3.0,351.0,499.6875,0.005710139870643616,1.0
1852,3.0,352.0,499.6875,0.091890849173069,0.96875
1853,3.0,353.0,499.6875,0.23273855447769165,0.9375
1854,3.0,354.0,499.6875,0.013039499521255493,1.0
1855,3.0,355.0,499.6875,0.01991957426071167,1.0
1856,3.0,356.0,499.6875,0.025126412510871887,1.0
1857,3.0,357.0,499.6875,0.021620452404022217,1.0
1858,3.0,358.0,499.6875,0.06405558437108994,0.96875
1859,3.0,359.0,499.6875,0.012277856469154358,1.0
1860,3.0,360.0,499.6875,0.10980427265167236,0.96875
1861,3.0,361.0,499.6875,0.06292951852083206,0.9375
1862,3.0,362.0,499.6875,0.05449479818344116,0.96875
1863,3.0,363.0,499.6875,0.005970299243927002,1.0
1864,3.0,364.0,499.6875,0.00988084077835083,1.0
1865,3.0,365.0,499.6875,0.08804807811975479,0.96875
1866,3.0,366.0,499.6875,0.08408883213996887,0.96875
1867,3.0,367.0,499.6875,0.03959440439939499,0.96875
1868,3.0,368.0,499.6875,0.011820808053016663,1.0
1869,3.0,369.0,499.6875,0.01864434778690338,1.0
1870,3.0,370.0,499.6875,0.12008751928806305,0.96875
1871,3.0,371.0,499.6875,0.11142708361148834,0.96875
1872,3.0,372.0,499.6875,0.07023730129003525,0.96875
1873,3.0,373.0,499.6875,0.048207879066467285,0.96875
1874,3.0,374.0,499.6875,0.21756912767887115,0.9375
1875,3.0,375.0,499.6875,0.00837978720664978,1.0
1876,3.0,376.0,499.6875,0.04880240559577942,0.96875
1877,3.0,377.0,499.6875,0.1030784398317337,0.96875
1878,3.0,378.0,499.6875,0.020926833152770996,1.0
1879,3.0,379.0,499.6875,0.17381416261196136,0.9375
1880,3.0,380.0,499.6875,0.00227433443069458,1.0
